nama pengguna,produk,review,rating,waktu transaksi
ginaanun,Bundling Package Facemist isi 3,,5,2024-08-11 23:57
evanisphr,BEAUTY CHARGE FACIAL CLEANCER,,5,2024-08-11 23:57
belapermata_11,BPOM Camille Product 25gr-65gr (baca deskripsi!!),,3,2024-08-11 23:57
ynaij,Little Pop face mist by Camille,,5,2024-08-11 23:57
sitinl_,Little Pop face mist by Camille,,5,2024-08-11 23:56
thesalonika.04,Little Pop face mist by Camille,,5,2024-08-11 23:55
miaassari25,BPOM Camille Product 25gr-65gr (baca deskripsi!!),,5,2024-08-11 23:54
salchabilla,Little Pop face mist by Camille,,4,2024-08-11 23:52
bayhaqi100,Little Pop face mist by Camille,,5,2024-08-11 23:51
miawanda752,Little Pop face mist by Camille,,5,2024-08-11 23:50
filsida,BPOM Camille Product 25gr-65gr (baca deskripsi!!),,3,2024-08-11 23:49
filsida,Little Pop face mist by Camille,,5,2024-08-11 23:49
fadlunbillah,Little Pop face mist by Camille,,5,2024-08-11 23:49
lindaanshori,Little Pop face mist by Camille,,5,2024-08-11 23:48
_aninekyutie_,Little Pop face mist by Camille,,5,2024-08-11 23:48
g*****s,ME WITH YOU ESSENCE TONER by Camille,,5,2024-08-11 23:43
g*****s,SUNNY DAY CREAM WITH SUNSCREEN by Camille,,5,2024-08-11 23:43
dewirahma2002,BPOM Camille Product 25gr-65gr (baca deskripsi!!),,5,2024-08-11 23:41
latifahfatma2023,Bodyscrub Camille 250gr by camille,,4,2024-08-11 23:41
auliashafiya,BPOM Camille Product 25gr-65gr (baca deskripsi!!),,5,2024-08-11 23:40
sheyathelabel,ME WITH YOU ESSENCE TONER by Camille,,5,2024-08-11 23:39
sheyathelabel,BEAUTY CHARGE FACIAL CLEANCER,,5,2024-08-11 23:39
sheyathelabel,MOON NIGHT CREAM by Camille,,5,2024-08-11 23:39
sheyathelabel,SUNNY DAY CREAM WITH SUNSCREEN by Camille,,5,2024-08-11 23:39
sheyathelabel,Little Pop face mist by Camille,,5,2024-08-11 23:39
nazwaoctaviaramadhani206,ME WITH YOU ESSENCE TONER by Camille,,5,2024-08-11 23:39
nazwaoctaviaramadhani206,BEAUTY CHARGE FACIAL CLEANCER,,5,2024-08-11 23:39
nazwaoctaviaramadhani206,SAY GLOWRY MOISTURIZER by Camille,,5,2024-08-11 23:39
nazwaoctaviaramadhani206,HAPPY JOY SERUM by Camille,,5,2024-08-11 23:39
nazwaoctaviaramadhani206,MOON NIGHT CREAM by Camille,,5,2024-08-11 23:39
auliasalsabillaa._,Little Pop face mist by Camille,,5,2024-08-11 23:39
audrey9505,Daily Set Bundling Camille,,5,2024-08-11 23:38
k*****5,Little Pop face mist by Camille,,5,2024-08-11 23:35
putriyulia130,Daily Set Bundling Camille,,5,2024-08-11 23:35
nwhindu88,BPOM Camille Product 25gr-65gr (baca deskripsi!!),,5,2024-08-11 23:34
nwhindu88,Little Pop face mist by Camille,,5,2024-08-11 23:34
anikkkkk08,HAPPY JOY SERUM by Camille,,5,2024-08-11 23:33
anikkkkk08,MOON NIGHT CREAM by Camille,,5,2024-08-11 23:33
nyisarinah123,BPOM Camille Product 25gr-65gr (baca deskripsi!!),,5,2024-08-11 23:33
nyisarinah123,SUNNY DAY CREAM WITH SUNSCREEN by Camille,,5,2024-08-11 23:32
_fadhilahseptiani,NEW Camille Beauty Lip Tint,,5,2024-08-11 23:32
nyisarinah123,MOON NIGHT CREAM by Camille,,5,2024-08-11 23:32
_fadhilahseptiani,Little Pop face mist by Camille,,5,2024-08-11 23:31
vx_we1ynf6,NEW Camille Beauty Lip Tint,,5,2024-08-11 23:30
wikewidyawati537,BPOM Camille Product 25gr-65gr (baca deskripsi!!),"Daya Serap:barang sesuai,kurirnya ramah,paketnya tidak ada yang reject",5,2024-08-11 23:28
delpi7799,NEW Camille Beauty Lip Tint,,5,2024-08-11 23:28
delpi7799,Little Pop face mist by Camille,,5,2024-08-11 23:28
delarohmana,Little Pop face mist by Camille,,4,2024-08-11 23:27
_daily.collection,HAPPY JOY SERUM by Camille,"Notiputipu give awaynya 
Masyaallah mamiyaaaa makasih bnyk ya udh dapet harga 106.000 plus cashback dr mamiya 40.000 masyaallah lancar terus usahanya mamiya 
Seneng bngt bngt",5,2024-08-11 23:27
_daily.collection,SUNNY DAY CREAM WITH SUNSCREEN by Camille,"Notiputipu give awaynya 
Masyaallah mamiyaaaa makasih bnyk ya udh dapet harga 106.000 plus cashback dr mamiya 40.000 masyaallah lancar terus usahanya mamiya 
Seneng bngt bngt",5,2024-08-11 23:27
bmc7c72sn6,SAY GLOWRY MOISTURIZER by Camille,,5,2024-08-11 23:26
bmc7c72sn6,HAPPY JOY SERUM by Camille,,5,2024-08-11 23:26
bmc7c72sn6,MOON NIGHT CREAM by Camille,,5,2024-08-11 23:26
bmc7c72sn6,BPOM Camille Product 25gr-65gr (baca deskripsi!!),,5,2024-08-11 23:26
bmc7c72sn6,Little Pop face mist by Camille,,5,2024-08-11 23:26
saskiamaulidia28,Little Pop face mist by Camille,,5,2024-08-11 23:25
laylanovi646,MOON NIGHT CREAM by Camille,"Tekstur:belum di coba
Cocok untuk:belum tau
Aroma:belum tau

Pulang kerja buka pket alhamdulillah pket ketiga dapet donk Bru pertama kali nyobain moga cocok mksihüò≠ü•∞",5,2024-08-11 23:25
gitankrs,BPOM Camille Product 25gr-65gr (baca deskripsi!!),,5,2024-08-11 23:25
gitankrs,Little Pop face mist by Camille,,5,2024-08-11 23:25
a*****_,BPOM Camille Product 25gr-65gr (baca deskripsi!!),,5,2024-08-11 23:24
dabiyaqu,BPOM Camille Product 25gr-65gr (baca deskripsi!!),Gileeee d kasi uang lg loh d dlm paketüò≠,5,2024-08-11 23:24
a*****2,BPOM Camille Product 25gr-65gr (baca deskripsi!!),,5,2024-08-11 23:23
ev1t_7iyff,SUNNY DAY CREAM WITH SUNSCREEN by Camille,,5,2024-08-11 23:22
amaliafebrianthi98,BPOM Camille Product 25gr-65gr (baca deskripsi!!),,5,2024-08-11 23:21
liyoooong,BPOM Camille Product 25gr-65gr (baca deskripsi!!),,5,2024-08-11 23:20
failnotecloth,Daily Set Bundling Camille,,5,2024-08-11 23:19
semangatlah715,Bodyscrub Camille 250gr by camille,,5,2024-08-11 23:18
egaaaaa29,BPOM Camille Product 25gr-65gr (baca deskripsi!!),,2,2024-08-11 23:18
nhurulannasyah,BEAUTY CHARGE FACIAL CLEANCER,,5,2024-08-11 23:17
mimilo02,MOON NIGHT CREAM by Camille,,3,2024-08-11 23:17
mimilo02,SUNNY DAY CREAM WITH SUNSCREEN by Camille,,5,2024-08-11 23:17
rahmaliaramadhan,Little Pop face mist by Camille,,5,2024-08-11 23:17
otyawfaopy,Little Pop face mist by Camille,,5,2024-08-11 23:16
ridalubis_12,SUNNY DAY CREAM WITH SUNSCREEN by Camille,,5,2024-08-11 23:15
riskaell,Little Pop face mist by Camille,,5,2024-08-11 23:14
selviajulianti06,Little Pop face mist by Camille,,5,2024-08-11 23:13
lusi10isnaini,HAPPY JOY SERUM by Camille,,5,2024-08-11 23:13
lusi10isnaini,MOON NIGHT CREAM by Camille,,5,2024-08-11 23:13
fennynurulyulianti,BEAUTY CHARGE FACIAL CLEANCER,,4,2024-08-11 23:13
fennynurulyulianti,HAPPY JOY SERUM by Camille,,4,2024-08-11 23:13
fennynurulyulianti,MOON NIGHT CREAM by Camille,,4,2024-08-11 23:13
fennynurulyulianti,Bodyscrub Camille 250gr by camille,,4,2024-08-11 23:13
fennynurulyulianti,Little Pop face mist by Camille,,4,2024-08-11 23:13
endangs2023,SAY GLOWRY MOISTURIZER by Camille,,5,2024-08-11 23:13
deviwulandari15,BPOM Camille Product 25gr-65gr (baca deskripsi!!),,5,2024-08-11 23:11
ririnriyanti209,BEAUTY CHARGE FACIAL CLEANCER,,3,2024-08-11 23:11
araraaraw,Bundling NEW Camille Beauty Lip Tint,,5,2024-08-11 23:11
d*****7,Bundling Skincare Camille Beauty,"Hasil war 8.8 MasyaAllah kebagian yang ijo ijo 5 lembar, udah dapet diskon + dapet duit jugaü§ë
Terimakasih mami bibu&luli, semoga camille sukses terusssü•∞",5,2024-08-11 23:10
hello.fina,BPOM Camille Product 25gr-65gr (baca deskripsi!!),"Kenyamanan:enak
Daya Serap:bagus
Efek:gatau ya baru pertama kali

Kita liat nanti setelah abisa satu bungkus",5,2024-08-11 23:08
hello.fina,Little Pop face mist by Camille,"Aroma:wanginya tahan lama
Efek:belum keliatan
Tekstur:cair

Baru pertama kali di coba kita liat hasilnya nanti setelah abis satu bungkus ini ya kalau bagaus beli lagi terus laaahh",5,2024-08-11 23:08
ulfahmwdh,Little Pop face mist by Camille,,5,2024-08-11 23:07
dianaramadani525,BPOM Camille Product 25gr-65gr (baca deskripsi!!),,5,2024-08-11 23:06
bungaprecil,BPOM Camille Product 25gr-65gr (baca deskripsi!!),,5,2024-08-11 23:05
syafaayuu02,ME WITH YOU ESSENCE TONER by Camille,,5,2024-08-11 23:05
syafaayuu02,SUNNY DAY CREAM WITH SUNSCREEN by Camille,,5,2024-08-11 23:05
aleenarp,Little Pop face mist by Camille,,5,2024-08-11 23:04
windafirdaussa,Bodyscrub Camille 250gr by camille,,5,2024-08-11 23:04
windafirdaussa,Little Pop face mist by Camille,,5,2024-08-11 23:04
ayangsiska,BPOM Camille Product 25gr-65gr (baca deskripsi!!),,5,2024-08-11 23:03
p*****a,BEAUTY CHARGE FACIAL CLEANCER,,5,2024-08-11 23:03
calistaanastasia878,SUNNY DAY CREAM WITH SUNSCREEN by Camille,,5,2024-08-11 23:03
euis_nuramalia,Little Pop face mist by Camille,,5,2024-08-11 23:02
zobyd25f8t,BPOM Camille Product 25gr-65gr (baca deskripsi!!),,4,2024-08-11 23:01
zobyd25f8t,Little Pop face mist by Camille,,4,2024-08-11 23:01
diannn22_,Little Pop face mist by Camille,,4,2024-08-11 23:00
r*****a,SAY GLOWRY MOISTURIZER by Camille,,5,2024-08-11 23:00
r*****a,HAPPY JOY SERUM by Camille,Bagusss polllllüíìüíì,5,2024-08-11 23:00
annisa_shahira,BPOM Camille Product 25gr-65gr (baca deskripsi!!),,5,2024-08-11 23:00
selsabillaaaa,BPOM Camille Product 25gr-65gr (baca deskripsi!!),,5,2024-08-11 23:00
keenstore14,Little Pop face mist by Camille,,5,2024-08-11 22:59
keenstore14,BPOM Camille Product 25gr-65gr (baca deskripsi!!),,5,2024-08-11 22:59
cimi_cimi.id,Daily Set Bundling Camille,,5,2024-08-11 22:59
cimi_cimi.id,Little Pop face mist by Camille,,5,2024-08-11 22:59
putribulan149,Bundling Skincare Basic by Camille,,5,2024-08-11 22:58
putribulan149,BPOM Camille Product 25gr-65gr (baca deskripsi!!),,5,2024-08-11 22:58
bunda.arwinah,SUNNY DAY CREAM WITH SUNSCREEN by Camille,,5,2024-08-11 22:58
l*****2,Daily Set Bundling Camille,,5,2024-08-11 22:57
marapujiama,BPOM Camille Product 25gr-65gr (baca deskripsi!!),,5,2024-08-11 22:57
5srwef4rud,BEAUTY CHARGE FACIAL CLEANCER,,5,2024-08-11 22:56
5srwef4rud,SUNNY DAY CREAM WITH SUNSCREEN by Camille,,5,2024-08-11 22:56
5srwef4rud,Little Pop face mist by Camille,,5,2024-08-11 22:56
i*****v,Bodyscrub Camille 250gr by camille,"Aroma:wangi strawberry enak bngttt
Tekstur:lembut butiran halus
Efek:mencerahkan

Packaging aman, dapet harga promo 50an isinya banyak, debest camille",5,2024-08-11 22:56
f*****1,Bodyscrub Camille 250gr by camille,,5,2024-08-11 22:55
f*****1,Little Pop face mist by Camille,,5,2024-08-11 22:55
via001,Bundling NEW Camille Beauty Lip Tint,,5,2024-08-11 22:54
safitri_mr10,Bundling Skincare Basic by Camille,,5,2024-08-11 22:53
via001,Bodyscrub Camille 250gr by camille,,5,2024-08-11 22:53
nuruul95,BPOM Camille Product 25gr-65gr (baca deskripsi!!),,5,2024-08-11 22:52
dihyanaofia,Little Pop face mist by Camille,,5,2024-08-11 22:52
n*****i,Little Pop face mist by Camille,,5,2024-08-11 22:51
tiaagr_,BPOM Camille Product 25gr-65gr (baca deskripsi!!),,5,2024-08-11 22:50
aatikahh.26,SUNNY DAY CREAM WITH SUNSCREEN by Camille,,5,2024-08-11 22:49
tiaagr_,Little Pop face mist by Camille,,5,2024-08-11 22:49
sintiya2203,SUNNY DAY CREAM WITH SUNSCREEN by Camille,,5,2024-08-11 22:49
theany.id,BPOM Camille Product 25gr-65gr (baca deskripsi!!),,5,2024-08-11 22:49
r*****9,Little Pop face mist by Camille,,5,2024-08-11 22:48
mlfbh0r6x2,SUNNY DAY CREAM WITH SUNSCREEN by Camille,,5,2024-08-11 22:48
rejoell_id,SUNNY DAY CREAM WITH SUNSCREEN by Camille,,4,2024-08-11 22:47
ainiaindir,BEAUTY CHARGE FACIAL CLEANCER,,5,2024-08-11 22:46
mujiyati403,BPOM Camille Product 25gr-65gr (baca deskripsi!!),,5,2024-08-11 22:45
widyaziaaa,Bodyscrub Camille 250gr by camille,,5,2024-08-11 22:45
kekenakesa10,Little Pop face mist by Camille,,5,2024-08-11 22:44
nadintsabita09,BEAUTY CHARGE FACIAL CLEANCER,,5,2024-08-11 22:44
angginavisa,NEW Camille Beauty Lip Tint,bagusssss,5,2024-08-11 22:44
nadintsabita09,SUNNY DAY CREAM WITH SUNSCREEN by Camille,,5,2024-08-11 22:44
i*****8,SUNNY DAY CREAM WITH SUNSCREEN by Camille,"Tekstur:cream
Efek:tone up
Aroma:tidak ada aroma

bagusss cocok di muka kuu ga bikin jerawatanüíñ",5,2024-08-11 22:44
momnatomi,Little Pop face mist by Camille,,5,2024-08-11 22:43
intancr12345,NEW Camille Beauty Lip Tint,,5,2024-08-11 22:43
44htqvt306,BPOM Camille Product 25gr-65gr (baca deskripsi!!),,5,2024-08-11 22:43
firliqurotaayun15,BPOM Camille Product 25gr-65gr (baca deskripsi!!),,5,2024-08-11 22:43
f*****5,Little Pop face mist by Camille,,5,2024-08-11 22:43
rafikadewi2898,BPOM Camille Product 25gr-65gr (baca deskripsi!!),,5,2024-08-11 22:43
ramee1599,BEAUTY CHARGE FACIAL CLEANCER,,5,2024-08-11 22:43
j_1tw2p3wv,BPOM Camille Product 25gr-65gr (baca deskripsi!!),,4,2024-08-11 22:43
vimeraazf,BPOM Camille Product 25gr-65gr (baca deskripsi!!),,5,2024-08-11 22:42
sartika_wulandari12,ME WITH YOU ESSENCE TONER by Camille,,4,2024-08-11 22:41
sartika_wulandari12,Little Pop face mist by Camille,,4,2024-08-11 22:41
nida190222,Little Pop face mist by Camille,,5,2024-08-11 22:39
lgkp_gfmx6,Daily Set Bundling Camille,,5,2024-08-11 22:38
gia_fortuna30,BPOM Camille Product 25gr-65gr (baca deskripsi!!),,5,2024-08-11 22:38
muhrizqii99,Bundling Skincare Camille Beauty,,5,2024-08-11 22:38
difiaazhari123,BEAUTY CHARGE FACIAL CLEANCER,,4,2024-08-11 22:38
difiaazhari123,HAPPY JOY SERUM by Camille,,4,2024-08-11 22:38
difiaazhari123,Little Pop face mist by Camille,,4,2024-08-11 22:38
ie.kakaofficial,BEAUTY CHARGE FACIAL CLEANCER,,5,2024-08-11 22:36
tydgdhdhs,BPOM Camille Product 25gr-65gr (baca deskripsi!!),"Kenyamanan:kulit
Daya Serap:waktu 15 cukup kering
Efek:cerahkan kulit

Bagus mantul pokok nya ma mamiya is the best sampe duit ku boncos",5,2024-08-11 22:35
zulfameuthia,BPOM Camille Product 25gr-65gr (baca deskripsi!!),,5,2024-08-11 22:35
zulfameuthia,Little Pop face mist by Camille,,5,2024-08-11 22:35
s*****a,BPOM Camille Product 25gr-65gr (baca deskripsi!!),,5,2024-08-11 22:34
risnyseviani,ME WITH YOU ESSENCE TONER by Camille,,5,2024-08-11 22:34
risnyseviani,SAY GLOWRY MOISTURIZER by Camille,,5,2024-08-11 22:34
risnyseviani,BPOM Camille Product 25gr-65gr (baca deskripsi!!),,5,2024-08-11 22:34
r*****i,Little Pop face mist by Camille,,5,2024-08-11 22:34
annisa_resti,SUNNY DAY CREAM WITH SUNSCREEN by Camille,,5,2024-08-11 22:34
annisa_resti,Little Pop face mist by Camille,,5,2024-08-11 22:34
msahrul229,BPOM Camille Product 25gr-65gr (baca deskripsi!!),Kenyamanan:mantap,5,2024-08-11 22:34
walyyatulhafizha,Little Pop face mist by Camille,,5,2024-08-11 22:33
kameliacemong,Little Pop face mist by Camille,,5,2024-08-11 22:33
karinadwii25,SUNNY DAY CREAM WITH SUNSCREEN by Camille,,5,2024-08-11 22:33
alfinaylttt,MOON NIGHT CREAM by Camille,,5,2024-08-11 22:32
alfinaylttt,SUNNY DAY CREAM WITH SUNSCREEN by Camille,,5,2024-08-11 22:32
23ak7vqqr9,Bundling Skincare Camille Beauty,Tekstur:semoga aja bagus,4,2024-08-11 22:32
d*****3,SUNNY DAY CREAM WITH SUNSCREEN by Camille,,4,2024-08-11 22:32
hannik2aquarius,Bundling Skincare Basic by Camille,,5,2024-08-11 22:31
hannik2aquarius,BPOM Camille Product 25gr-65gr (baca deskripsi!!),,5,2024-08-11 22:31
desiwulndari_01,Little Pop face mist by Camille,,5,2024-08-11 22:31
athania_,BPOM Camille Product 25gr-65gr (baca deskripsi!!),,5,2024-08-11 22:31
ainasuci03,MOON NIGHT CREAM by Camille,,5,2024-08-11 22:31
nahilaahnf14,MOON NIGHT CREAM by Camille,,5,2024-08-11 22:30
nahilaahnf14,Little Pop face mist by Camille,,5,2024-08-11 22:30
tydgdhdhs,ME WITH YOU ESSENCE TONER by Camille,"Tekstur:cair
Daya Serap:cepat menyerap
Cocok untuk:Wajak berminyak

Barang nya bagus worth it untuk pemula karna bahan kimia nya gk banyak semoga cocok dan glow up",5,2024-08-11 22:30
yuriii30,BPOM Camille Product 25gr-65gr (baca deskripsi!!),,5,2024-08-11 22:30
anggun77___,BPOM Camille Product 25gr-65gr (baca deskripsi!!),,5,2024-08-11 22:30
viona52,Bodyscrub Camille 250gr by camille,,5,2024-08-11 22:30
nurulmarmiyati10,MOON NIGHT CREAM by Camille,,5,2024-08-11 22:29
nurulmarmiyati10,SUNNY DAY CREAM WITH SUNSCREEN by Camille,,5,2024-08-11 22:29
salshanabilah,SUNNY DAY CREAM WITH SUNSCREEN by Camille,,5,2024-08-11 22:28
ocidneotech,BPOM Camille Product 25gr-65gr (baca deskripsi!!),,5,2024-08-11 22:27
nandinimentari,BPOM Camille Product 25gr-65gr (baca deskripsi!!),,5,2024-08-11 22:26
alyanayla457,BPOM Camille Product 25gr-65gr (baca deskripsi!!),,5,2024-08-11 22:26
kartika.sari30,SUNNY DAY CREAM WITH SUNSCREEN by Camille,,5,2024-08-11 22:25
fijarayuf,BPOM Camille Product 25gr-65gr (baca deskripsi!!),"Kenyamanan:Bagus
Daya Serap:bagus sekali
Efek:mantap

Makasih aku dapet give uang 50 rb happy sekali",5,2024-08-11 22:25
jejesisikaka,BPOM Camille Product 25gr-65gr (baca deskripsi!!),,5,2024-08-11 22:24
nurlaeliiiii,Bodyscrub Camille 250gr by camille,,5,2024-08-11 22:24
nurlaeliiiii,BPOM Camille Product 25gr-65gr (baca deskripsi!!),,5,2024-08-11 22:24
tydgdhdhs,SAY GLOWRY MOISTURIZER by Camille,"Tekstur:jel
Daya Serap:bagus
Cocok untuk:kulit putih

Dikira barang nya gede ternyata mungil tapi ngk wangi kaya bau gitu",5,2024-08-11 22:23
andinimiranda950,NEW Camille Beauty Lip Tint,,5,2024-08-11 22:21
adindacheysasyahbila,SUNNY DAY CREAM WITH SUNSCREEN by Camille,,5,2024-08-11 22:21
marifatuszahroh,BPOM Camille Product 25gr-65gr (baca deskripsi!!),,5,2024-08-11 22:21
e*****s,MOON NIGHT CREAM by Camille,,5,2024-08-11 22:20
bluestitchshop,Little Pop face mist by Camille,,5,2024-08-11 22:19
khaesyamlka,BPOM Camille Product 25gr-65gr (baca deskripsi!!),,5,2024-08-11 22:18
vd5fgpmo61,Little Pop face mist by Camille,,5,2024-08-11 22:18
dvilitaa_,BEAUTY CHARGE FACIAL CLEANCER,,5,2024-08-11 22:17
annasart17,BPOM Camille Product 25gr-65gr (baca deskripsi!!),,5,2024-08-11 22:17
megaaslti0508,Little Pop face mist by Camille,,5,2024-08-11 22:17
op1xcmejhn,Bodyscrub Camille 250gr by camille,,5,2024-08-11 22:16
elviraryanti19,Little Pop face mist by Camille,,5,2024-08-11 22:16
putriashaniaprilianti,BPOM Camille Product 25gr-65gr (baca deskripsi!!),,5,2024-08-11 22:16
bayuardiyon95,Bundling Skincare Camille Beauty,Semoga cocok,5,2024-08-11 22:16
putriashaniaprilianti,Little Pop face mist by Camille,,5,2024-08-11 22:16
_*****q,BPOM Camille Product 25gr-65gr (baca deskripsi!!),,5,2024-08-11 22:16
z2ecv0kziw,NEW Camille Beauty Lip Tint,,5,2024-08-11 22:16
z2ecv0kziw,MOON NIGHT CREAM by Camille,,5,2024-08-11 22:16
sofin_11,ME WITH YOU ESSENCE TONER by Camille,"Tekstur:oke
Daya Serap:ok
Cocok untuk:wjah

Bagus sesuai pengiriman cepat. Thank you",5,2024-08-11 22:15
sasasandra__,BPOM Camille Product 25gr-65gr (baca deskripsi!!),,5,2024-08-11 22:15
m*****i,Little Pop face mist by Camille,Bakalan jadi favorit aku banget sii üòªü§©üíó,5,2024-08-11 22:15
sorayaberliana30,SUNNY DAY CREAM WITH SUNSCREEN by Camille,,5,2024-08-11 22:14
henialvianita,Little Pop face mist by Camille,,5,2024-08-11 22:14
a*****8,Bundling Package Facemist isi 3,,5,2024-08-11 22:14
renataagis876,BPOM Camille Product 25gr-65gr (baca deskripsi!!),,5,2024-08-11 22:14
windasyhrni,SAY GLOWRY MOISTURIZER by Camille,,5,2024-08-11 22:13
windasyhrni,Little Pop face mist by Camille,,5,2024-08-11 22:13
nazila266,BPOM Camille Product 25gr-65gr (baca deskripsi!!),,5,2024-08-11 22:13
aprilia_indah1999,BPOM Camille Product 25gr-65gr (baca deskripsi!!),,5,2024-08-11 22:13
aprilia_indah1999,Little Pop face mist by Camille,,5,2024-08-11 22:13
ninaamalia77,Little Pop face mist by Camille,,5,2024-08-11 22:12
enisusilawati29,BEAUTY CHARGE FACIAL CLEANCER,,4,2024-08-11 22:12
artiksell23,BPOM Camille Product 25gr-65gr (baca deskripsi!!),,3,2024-08-11 22:12
fafan1303,BPOM Camille Product 25gr-65gr (baca deskripsi!!),,5,2024-08-11 22:10
anjelivrnk,Bodyscrub Camille 250gr by camille,,5,2024-08-11 22:10
putrinur2805,Little Pop face mist by Camille,,5,2024-08-11 22:10
alifhidayat0888,MOON NIGHT CREAM by Camille,,5,2024-08-11 22:10
inchemi,BEAUTY CHARGE FACIAL CLEANCER,"Tekstur:kental
Aroma:wangi lembut
Cocok untuk:wajah yang kering dan berjerawat",5,2024-08-11 22:09
sintapurnamaa,BEAUTY CHARGE FACIAL CLEANCER,,5,2024-08-11 22:08
dellafitriani140,Little Pop face mist by Camille,,5,2024-08-11 22:08
pambayunfk,SUNNY DAY CREAM WITH SUNSCREEN by Camille,,5,2024-08-11 22:08
silviafaizah,Bundling Package Facemist isi 3,,5,2024-08-11 22:07
4hu4824mwf,SUNNY DAY CREAM WITH SUNSCREEN by Camille,,5,2024-08-11 22:07
adelinamazia,BPOM Camille Product 25gr-65gr (baca deskripsi!!),,5,2024-08-11 22:05
alfariniputriramadhani,Bundling Package Facemist isi 3,,5,2024-08-11 22:05
m*****3,BPOM Camille Product 25gr-65gr (baca deskripsi!!),,5,2024-08-11 22:05
faklann,Bundling Package Facemist isi 3,,5,2024-08-11 22:05
yuanitaa02,SUNNY DAY CREAM WITH SUNSCREEN by Camille,,5,2024-08-11 22:03
qaisnufusi,Little Pop face mist by Camille,,5,2024-08-11 22:01
ruslina12345,EXCLUSIVE Toasty Lip Cream By Camille,,5,2024-08-11 22:01
ruslina12345,NEW Camille Beauty Lip Tint,,5,2024-08-11 22:01
zeaa2122,SAY GLOWRY MOISTURIZER by Camille,,5,2024-08-11 22:00
zeaa2122,SUNNY DAY CREAM WITH SUNSCREEN by Camille,,5,2024-08-11 22:00
zeaa2122,BPOM Camille Product 25gr-65gr (baca deskripsi!!),,5,2024-08-11 22:00
amanatrokatar,SUNNY DAY CREAM WITH SUNSCREEN by Camille,,5,2024-08-11 22:00
amanatrokatar,BPOM Camille Product 25gr-65gr (baca deskripsi!!),,5,2024-08-11 22:00
intanamamamdhd,BPOM Camille Product 25gr-65gr (baca deskripsi!!),,5,2024-08-11 22:00
naida99,BPOM Camille Product 25gr-65gr (baca deskripsi!!),,5,2024-08-11 22:00
naida99,Little Pop face mist by Camille,"Aroma:wangi enak
Efek:mencerahkan kulit
Tekstur:lembut

dipake adem masker kesukaan aku sih ini bener bener enak dipake udah order ke 3 kalinya",5,2024-08-11 22:00
pelitasukmanugroho,Little Pop face mist by Camille,,5,2024-08-11 21:59
dhiyasindy,SUNNY DAY CREAM WITH SUNSCREEN by Camille,,5,2024-08-11 21:59
riaarista31,SUNNY DAY CREAM WITH SUNSCREEN by Camille,,5,2024-08-11 21:59
nihayatl,SUNNY DAY CREAM WITH SUNSCREEN by Camille,,5,2024-08-11 21:58
wildawilianti,MOON NIGHT CREAM by Camille,,5,2024-08-11 21:57
wildawilianti,SUNNY DAY CREAM WITH SUNSCREEN by Camille,,5,2024-08-11 21:57
wildawilianti,Little Pop face mist by Camille,,5,2024-08-11 21:57
dindaaptprtm,SUNNY DAY CREAM WITH SUNSCREEN by Camille,,5,2024-08-11 21:57
stm_ani,SAY GLOWRY MOISTURIZER by Camille,,5,2024-08-11 21:57
s*****i,SUNNY DAY CREAM WITH SUNSCREEN by Camille,,5,2024-08-11 21:57
e*****5,Bundling Skincare Basic by Camille,"Tekstur:lembut
Cocok untuk:muka
Efek:lembut

baru nyoba sekali. enak bgt muka stelah pemakaian..semoga cocok dikulitku. thanks",5,2024-08-11 21:57
e*****5,HAPPY JOY SERUM by Camille,"Tekstur:blm tau
Cocok untuk:muka
Efek:blm tau

belom nyoba karna lg puasa skincare 14hri. smoga cocokk dikulitku. agak kecewa dikiitt gak dapet giveaway dalam paket padahal sngaja co di 8.8 wkwk thanks ya",4,2024-08-11 21:57
e*****5,MOON NIGHT CREAM by Camille,"Tekstur:blm tau
Cocok untuk:dewasa
Aroma:wangi

belom nyoba karna lg puasa skincare 14hri. smoga cocokk dikulitku. agak kecewa dikiitt gak dapet giveaway dalam paket padahal sngaja co di 8.8 wkwk thanks ya",4,2024-08-11 21:57
e*****5,SUNNY DAY CREAM WITH SUNSCREEN by Camille,"Tekstur:belom coba
Efek:belom tau
Aroma:wangi

belom nyoba karna lg puasa skincare 14hri. smoga cocokk dikulitku. agak kecewa dikiitt gak dapet giveaway dalam paket padahal sngaja co di 8.8 wkwk thanks ya",4,2024-08-11 21:57
dindaaptprtm,MOON NIGHT CREAM by Camille,,5,2024-08-11 21:57
lestarilhikmah24,Little Pop face mist by Camille,,5,2024-08-11 21:56
syellasyella,BPOM Camille Product 25gr-65gr (baca deskripsi!!),,5,2024-08-11 21:56
adhesepthia,HAPPY JOY SERUM by Camille,,5,2024-08-11 21:56
efandadwicahya,Bodyscrub Camille 250gr by camille,,5,2024-08-11 21:55
ranirani_14,Daily Set Bundling Camille,,5,2024-08-11 21:55
meyta.n,SUNNY DAY CREAM WITH SUNSCREEN by Camille,,5,2024-08-11 21:55
rosse_a,HAPPY JOY SERUM by Camille,,5,2024-08-11 21:54
ferny253,Daily Set Bundling Camille,,5,2024-08-11 21:53
alpara2345,SUNNY DAY CREAM WITH SUNSCREEN by Camille,,5,2024-08-11 21:53
andyniwa1,ME WITH YOU ESSENCE TONER by Camille,,5,2024-08-11 21:52
silviynaptr.a,HAPPY JOY SERUM by Camille,Pertama kali nya coba karna keracunan live nya camilleüòç semoga cocok biar aku bisa repeat order terus! Aamiin‚ú®‚ú®‚ú®,5,2024-08-11 21:52
s*****8,Little Pop face mist by Camille,"Aroma:wangi
Efek:belum tau hasil
Tekstur:gak lengket

Baru pertama kali coba langsung beli dua, semoga cocoküëçüèª",5,2024-08-11 21:52
diahcantik_,Little Pop face mist by Camille,"ikut warr 8.8 pembagian uang 100jt semua paket pasti ada hadiahnya tapi yg aku dapet ga ada apa""üòÖ blm rizkiku",4,2024-08-11 21:52
zalvanyyasmin,BPOM Camille Product 25gr-65gr (baca deskripsi!!),,5,2024-08-11 21:52
dellachan8,Bundling Skincare Camille Beauty,,5,2024-08-11 21:52
dellachan8,Little Pop face mist by Camille,,5,2024-08-11 21:52
deviastn_,BEAUTY CHARGE FACIAL CLEANCER,,5,2024-08-11 21:51
alsdaeneng,Bundling Package Facemist isi 3,,5,2024-08-11 21:51
alsdaeneng,BPOM Camille Product 25gr-65gr (baca deskripsi!!),,5,2024-08-11 21:51
faik_himah08,BPOM Camille Product 25gr-65gr (baca deskripsi!!),,4,2024-08-11 21:51
delisa123,BPOM Camille Product 25gr-65gr (baca deskripsi!!),"uda pernah pake jadi tauuu hasilnyaa, bagusssss bangett maskernya",5,2024-08-11 21:50
arwindapanjaitan,Daily Set Bundling Camille,,5,2024-08-11 21:50
keylaabungaaa,BPOM Camille Product 25gr-65gr (baca deskripsi!!),,5,2024-08-11 21:50
mauliaanggeraini28,BPOM Camille Product 25gr-65gr (baca deskripsi!!),,5,2024-08-11 21:50
annaaulia291,MOON NIGHT CREAM by Camille,,5,2024-08-11 21:50
annaaulia291,BPOM Camille Product 25gr-65gr (baca deskripsi!!),,5,2024-08-11 21:50
arwindapanjaitan,Little Pop face mist by Camille,,5,2024-08-11 21:50
tiarahidayat410,Little Pop face mist by Camille,,5,2024-08-11 21:49
kisnopurbalingga,BPOM Camille Product 25gr-65gr (baca deskripsi!!),,5,2024-08-11 21:49
nrulfzsb,SAY GLOWRY MOISTURIZER by Camille,,5,2024-08-11 21:47
mmcmwxfh2n,Little Pop face mist by Camille,"Aroma:wangi segar
Efek:hasil memuaskan
Tekstur:sangat bagus segar di pakai",5,2024-08-11 21:47
nabilaa.12,EXCLUSIVE Toasty Lip Cream By Camille,,5,2024-08-11 21:47
macramesurabaya01,Bundling Skincare Basic by Camille,,5,2024-08-11 21:47
sagigit17,BPOM Camille Product 25gr-65gr (baca deskripsi!!),,5,2024-08-11 21:47
vanessaangelina234,Little Pop face mist by Camille,,5,2024-08-11 21:46
ranimaharani682,Little Pop face mist by Camille,,5,2024-08-11 21:46
arpinadamayanti_10,Little Pop face mist by Camille,,5,2024-08-11 21:45
d*****a,BPOM Camille Product 25gr-65gr (baca deskripsi!!),,4,2024-08-11 21:45
d*****a,Little Pop face mist by Camille,,4,2024-08-11 21:45
bellaindahps,MOON NIGHT CREAM by Camille,,5,2024-08-11 21:44
henrywidjaja07,SUNNY DAY CREAM WITH SUNSCREEN by Camille,,5,2024-08-11 21:44
vivinhafriani07,BPOM Camille Product 25gr-65gr (baca deskripsi!!),,5,2024-08-11 21:44
vivinhafriani07,MOON NIGHT CREAM by Camille,,5,2024-08-11 21:43
sadiya_rizqia,Daily Set Bundling Camille,,5,2024-08-11 21:43
philocalist2023,Little Pop face mist by Camille,,5,2024-08-11 21:42
gloriawesuranaita13,BPOM Camille Product 25gr-65gr (baca deskripsi!!),,4,2024-08-11 21:42
adi_nugroho15,Little Pop face mist by Camille,,5,2024-08-11 21:42
zahrotulparohi30,Little Pop face mist by Camille,,5,2024-08-11 21:41
lennlenn648,Little Pop face mist by Camille,,5,2024-08-11 21:41
febio.lah,Bundling NEW Camille Beauty Lip Tint,"Pas bgt liptint ku udh mau habis hihi, checkout pas promo jd skaligus yg best ombrenya. Slalu sukak!üíï",5,2024-08-11 21:41
lennlenn648,Daily Set Bundling Camille,,5,2024-08-11 21:41
lennlenn648,BEAUTY CHARGE FACIAL CLEANCER,,5,2024-08-11 21:41
mokw12pdp2,BEAUTY CHARGE FACIAL CLEANCER,,4,2024-08-11 21:40
suvrimsdw,BPOM Camille Product 25gr-65gr (baca deskripsi!!),"Paketku uda nyampe, semoga cocok diaku, krn blm aku pake jd blm aku review.. mksh mamiya üòçüíñ",5,2024-08-11 21:40
d*****l,Bundling Package Facemist isi 3,,5,2024-08-11 21:39
sivayosasakira,Little Pop face mist by Camille,,5,2024-08-11 21:39
mellystefanny,Bodyscrub Camille 250gr by camille,,5,2024-08-11 21:39
mellystefanny,Little Pop face mist by Camille,,5,2024-08-11 21:38
mohammadasadzidan1,Bundling Skincare Camille Beauty,,5,2024-08-11 21:38
fiandi18,BPOM Camille Product 25gr-65gr (baca deskripsi!!),,5,2024-08-11 21:38
anandasiska780,BPOM Camille Product 25gr-65gr (baca deskripsi!!),,5,2024-08-11 21:37
c*****8,Bodyscrub Camille 250gr by camille,,5,2024-08-11 21:37
l*****i,Bundling Skincare Camille Beauty,,5,2024-08-11 21:35
oche_2573,Little Pop face mist by Camille,,5,2024-08-11 21:34
dolayrastafara,NEW Camille Beauty Lip Tint,,5,2024-08-11 21:34
vivandaadindaputri,Little Pop face mist by Camille,,5,2024-08-11 21:33
salamahsiti024,BEAUTY CHARGE FACIAL CLEANCER,,5,2024-08-11 21:33
c*****i,MOON NIGHT CREAM by Camille,,5,2024-08-11 21:33
c*****i,Bodyscrub Camille 250gr by camille,,5,2024-08-11 21:33
c*****i,BPOM Camille Product 25gr-65gr (baca deskripsi!!),,5,2024-08-11 21:33
c*****i,HAPPY JOY SERUM by Camille,,5,2024-08-11 21:32
vniaavniaa417,BPOM Camille Product 25gr-65gr (baca deskripsi!!),,5,2024-08-11 21:32
debydp31,Bundling Package Facemist isi 3,,5,2024-08-11 21:31
debydp31,BPOM Camille Product 25gr-65gr (baca deskripsi!!),,5,2024-08-11 21:31
aurelliatrisna_,BPOM Camille Product 25gr-65gr (baca deskripsi!!),,5,2024-08-11 21:31
olivia_tyarma,BPOM Camille Product 25gr-65gr (baca deskripsi!!),,5,2024-08-11 21:31
j*****4,Little Pop face mist by Camille,,5,2024-08-11 21:30
ariisafiftrii,Little Pop face mist by Camille,,4,2024-08-11 21:30
vda899n50h,Daily Set Bundling Camille,Semoga cocok,5,2024-08-11 21:30
vda899n50h,Little Pop face mist by Camille,,5,2024-08-11 21:30
r*****i,NEW Camille Beauty Lip Tint,,4,2024-08-11 21:30
c*****a,Little Pop face mist by Camille,,5,2024-08-11 21:30
4hm64k13hg,SUNNY DAY CREAM WITH SUNSCREEN by Camille,,5,2024-08-11 21:29
tiarakaulisa_12,Little Pop face mist by Camille,,5,2024-08-11 21:29
berkahbordir.store,BPOM Camille Product 25gr-65gr (baca deskripsi!!),,5,2024-08-11 21:29
rimazahri1826,Little Pop face mist by Camille,,5,2024-08-11 21:28
arummy_23,Bundling Skincare Basic by Camille,,5,2024-08-11 21:28
arummy_23,ME WITH YOU ESSENCE TONER by Camille,,5,2024-08-11 21:28
arummy_23,SUNNY DAY CREAM WITH SUNSCREEN by Camille,,5,2024-08-11 21:28
nurulkhottimah12,SUNNY DAY CREAM WITH SUNSCREEN by Camille,"Tekstur:bagus
Efek:efektif
Aroma:wangi

Bagus banget, aku udah lama pake enihüòò",5,2024-08-11 21:28
ullaannisa,BPOM Camille Product 25gr-65gr (baca deskripsi!!),,5,2024-08-11 21:27
ullaannisa,Little Pop face mist by Camille,,5,2024-08-11 21:27
rizkifahrul012,Little Pop face mist by Camille,,5,2024-08-11 21:26
riskanurazizah360,Little Pop face mist by Camille,,5,2024-08-11 21:25
fitrina1988,HAPPY JOY SERUM by Camille,Pertama kali beli Camille mdh2n sesuai ekspektasi. Krn blm d coba,4,2024-08-11 21:25
dinaapriyana02,NEW Camille Beauty Lip Tint,,4,2024-08-11 21:25
dinaapriyana02,BPOM Camille Product 25gr-65gr (baca deskripsi!!),,4,2024-08-11 21:25
dinaapriyana02,Little Pop face mist by Camille,,4,2024-08-11 21:25
kxglpt2wkl,Little Pop face mist by Camille,,5,2024-08-11 21:24
lisaoktavian12,BPOM Camille Product 25gr-65gr (baca deskripsi!!),,5,2024-08-11 21:24
elsyawpng,Bodyscrub Camille 250gr by camille,,5,2024-08-11 21:23
elsyawpng,BPOM Camille Product 25gr-65gr (baca deskripsi!!),,5,2024-08-11 21:23
elsyawpng,Little Pop face mist by Camille,,5,2024-08-11 21:23
encepaprilio,Little Pop face mist by Camille,,5,2024-08-11 21:23
yollandaa777,SUNNY DAY CREAM WITH SUNSCREEN by Camille,,5,2024-08-11 21:22
yollandaa777,BPOM Camille Product 25gr-65gr (baca deskripsi!!),,5,2024-08-11 21:22
ditya09,SUNNY DAY CREAM WITH SUNSCREEN by Camille,,5,2024-08-11 21:22
ditya09,BPOM Camille Product 25gr-65gr (baca deskripsi!!),,5,2024-08-11 21:22
revanggadestiarafaiqkausar,Bundling NEW Camille Beauty Lip Tint,,5,2024-08-11 21:21
r808srivf7,SUNNY DAY CREAM WITH SUNSCREEN by Camille,,5,2024-08-11 21:21
linaulyea_,HAPPY JOY SERUM by Camille,,5,2024-08-11 21:21
linaulyea_,SUNNY DAY CREAM WITH SUNSCREEN by Camille,,5,2024-08-11 21:21
lukmanfirdaus09,Little Pop face mist by Camille,,5,2024-08-11 21:21
h*****8,BEAUTY CHARGE FACIAL CLEANCER,"Tekstur:ringan saat di pakaai
Aroma:harum
Cocok untuk:semua jenis kulit

Bagus banget dan murah",5,2024-08-11 21:20
safrina_np,MOON NIGHT CREAM by Camille,,5,2024-08-11 21:20
safrina_np,SUNNY DAY CREAM WITH SUNSCREEN by Camille,,5,2024-08-11 21:20
z19cx8ldlj,BPOM Camille Product 25gr-65gr (baca deskripsi!!),,5,2024-08-11 21:19
finti_stwnty14,Little Pop face mist by Camille,,5,2024-08-11 21:19
r*****_,BPOM Camille Product 25gr-65gr (baca deskripsi!!),,5,2024-08-11 21:19
maulidyahrazak8,Daily Set Bundling Camille,,5,2024-08-11 21:18
yeyenrenimaryani,Little Pop face mist by Camille,,5,2024-08-11 21:18
a*****1,SUNNY DAY CREAM WITH SUNSCREEN by Camille,mantap pengiriman cepet bgt. terima kasih banyak kakak seller semoga usahanya sukses selalu aamiin aamiin,5,2024-08-11 21:18
sitirohmahnurliyyah,BPOM Camille Product 25gr-65gr (baca deskripsi!!),,5,2024-08-11 21:17
r*****5,BPOM Camille Product 25gr-65gr (baca deskripsi!!),"Kenyamanan:sangat nyaman
Daya Serap:mudah menyerap nya
Efek:membuat kulit jadi lebih lembab

Sangat suka, packaging aman dan rapih, wangi, kualitas bagus, pengiriman sangat cepat",5,2024-08-11 21:17
e0i4qev473,Little Pop face mist by Camille,,5,2024-08-11 21:16
i*****a,BPOM Camille Product 25gr-65gr (baca deskripsi!!),,5,2024-08-11 21:16
suri2999,BEAUTY CHARGE FACIAL CLEANCER,,5,2024-08-11 21:16
berlian496,BPOM Camille Product 25gr-65gr (baca deskripsi!!),,5,2024-08-11 21:15
i*****a,SUNNY DAY CREAM WITH SUNSCREEN by Camille,,5,2024-08-11 21:15
mirarau,BPOM Camille Product 25gr-65gr (baca deskripsi!!),,5,2024-08-11 21:15
mactha07,Little Pop face mist by Camille,,5,2024-08-11 21:14
singnature.camel,BPOM Camille Product 25gr-65gr (baca deskripsi!!),,5,2024-08-11 21:14
hasnaaahmydhh,BPOM Camille Product 25gr-65gr (baca deskripsi!!),,5,2024-08-11 21:14
bungamustika21,BPOM Camille Product 25gr-65gr (baca deskripsi!!),,5,2024-08-11 21:14
intanwidya_28,NEW Camille Beauty Lip Tint,,5,2024-08-11 21:14
erisamileniam,NEW Camille Beauty Lip Tint,,4,2024-08-11 21:14
erisamileniam,Little Pop face mist by Camille,,4,2024-08-11 21:14
v*****_,BPOM Camille Product 25gr-65gr (baca deskripsi!!),,5,2024-08-11 21:14
yhz4j7nifu,HAPPY JOY SERUM by Camille,,5,2024-08-11 21:13
sleepy.booi,BPOM Camille Product 25gr-65gr (baca deskripsi!!),,5,2024-08-11 21:13
billahauliyah,Little Pop face mist by Camille,,5,2024-08-11 21:13
billahauliyah,SUNNY DAY CREAM WITH SUNSCREEN by Camille,,5,2024-08-11 21:13
ipadillah,BPOM Camille Product 25gr-65gr (baca deskripsi!!),,5,2024-08-11 21:12
ecqq6_zttn,Daily Set Bundling Camille,,5,2024-08-11 21:12
n*****u,Little Pop face mist by Camille,,5,2024-08-11 21:12
ssknia,SAY GLOWRY MOISTURIZER by Camille,,5,2024-08-11 21:12
ssknia,SUNNY DAY CREAM WITH SUNSCREEN by Camille,,5,2024-08-11 21:12
ssknia,Little Pop face mist by Camille,,5,2024-08-11 21:12
avivaresinda,SAY GLOWRY MOISTURIZER by Camille,,5,2024-08-11 21:12
6ccimw8u40,SUNNY DAY CREAM WITH SUNSCREEN by Camille,,4,2024-08-11 21:11
utyputt620,Bodyscrub Camille 250gr by camille,,5,2024-08-11 21:10
intanayuu21,Bundling Skincare Camille Beauty,Alhamdulillah medarat dengan selamat camile nyaüòç,5,2024-08-11 21:10
sitilarassati,BPOM Camille Product 25gr-65gr (baca deskripsi!!),,4,2024-08-11 21:10
desiariyantindes,BPOM Camille Product 25gr-65gr (baca deskripsi!!),,5,2024-08-11 21:09
inimelincaz,BPOM Camille Product 25gr-65gr (baca deskripsi!!),,5,2024-08-11 21:09
inimelincaz,Little Pop face mist by Camille,,5,2024-08-11 21:09
desiariyantindes,Little Pop face mist by Camille,,5,2024-08-11 21:09
riqqahzhafirah05,BEAUTY CHARGE FACIAL CLEANCER,,5,2024-08-11 21:08
riqqahzhafirah05,HAPPY JOY SERUM by Camille,,5,2024-08-11 21:08
a*****9,SUNNY DAY CREAM WITH SUNSCREEN by Camille,,5,2024-08-11 21:08
a*****9,Little Pop face mist by Camille,"Aroma:wangi
Efek:cocok kulit jadi putih tidak berjerawat
Tekstur:lembut

Cocok udah langganan",5,2024-08-11 21:08
156ae4bt9b,MOON NIGHT CREAM by Camille,,5,2024-08-11 21:08
sitizahraghaida02,BPOM Camille Product 25gr-65gr (baca deskripsi!!),,5,2024-08-11 21:08
zahraauliaz542,Bodyscrub Camille 250gr by camille,,4,2024-08-11 21:08
selisilpiani2301,Little Pop face mist by Camille,,5,2024-08-11 21:07
y*****a,Bundling Package Facemist isi 3,terimakasih paket sudah sampai sesuai pesanan Pengiriman cepat packing aman,5,2024-08-11 21:07
y*****a,ME WITH YOU ESSENCE TONER by Camille,terimakasih paket sudah sampai sesuai pesanan Pengiriman cepat packing aman,5,2024-08-11 21:07
i*****8,Little Pop face mist by Camille,,5,2024-08-11 21:07
candramulty_beauty,Little Pop face mist by Camille,,5,2024-08-11 21:06
w*****h,HAPPY JOY SERUM by Camille,Baru pertama kali nyoba semoga cocok biar jadi langganan,5,2024-08-11 21:05
y*****a,BPOM Camille Product 25gr-65gr (baca deskripsi!!),terimakasih paket sudah sampai sesuai pesanan Pengiriman cepat packing aman,5,2024-08-11 21:05
nurhalizaaicha,SUNNY DAY CREAM WITH SUNSCREEN by Camille,,5,2024-08-11 21:05
lalessssss,Little Pop face mist by Camille,,5,2024-08-11 21:05
alisahahmad,Little Pop face mist by Camille,,5,2024-08-11 21:02
kharisma_08,BPOM Camille Product 25gr-65gr (baca deskripsi!!),bagussss bangettttt,5,2024-08-11 21:01
nanang_js,Little Pop face mist by Camille,Efek:alhamdulillah cocok selama pemakaian ini,5,2024-08-11 21:01
diannovitananda,Daily Set Bundling Camille,,4,2024-08-11 21:01
adindasifaa,Little Pop face mist by Camille,,5,2024-08-11 21:00
akhmadakhyar276,Daily Set Bundling Camille,,5,2024-08-11 21:00
ljbickc4p0,BEAUTY CHARGE FACIAL CLEANCER,"Tekstur:lembutttt
Aroma:ok
Cocok untuk:kulit kombinasi

Recomended banget cintanya aku ‚ù§Ô∏è love camille",5,2024-08-11 21:00
sitijuwita964,SUNNY DAY CREAM WITH SUNSCREEN by Camille,,5,2024-08-11 21:00
sitijuwita964,Little Pop face mist by Camille,,5,2024-08-11 21:00
ylusi,HAPPY JOY SERUM by Camille,,5,2024-08-11 20:59
ylusi,Little Pop face mist by Camille,,5,2024-08-11 20:59
tyas2350,Little Pop face mist by Camille,,4,2024-08-11 20:58
amaliaazzahra02,SUNNY DAY CREAM WITH SUNSCREEN by Camille,,5,2024-08-11 20:58
ljbickc4p0,BPOM Camille Product 25gr-65gr (baca deskripsi!!),,5,2024-08-11 20:58
ljbickc4p0,Little Pop face mist by Camille,"Aroma:tidak menyengat
Efek:baik
Tekstur:ok

Kecintaan aku ‚ù§Ô∏è",5,2024-08-11 20:58
irmanurdianti28,SUNNY DAY CREAM WITH SUNSCREEN by Camille,,5,2024-08-11 20:58
irmanurdianti28,BPOM Camille Product 25gr-65gr (baca deskripsi!!),,5,2024-08-11 20:58
m*****0,Bodyscrub Camille 250gr by camille,,5,2024-08-11 20:58
a*****a,Little Pop face mist by Camille,,5,2024-08-11 20:58
marlinasofya,SUNNY DAY CREAM WITH SUNSCREEN by Camille,,5,2024-08-11 20:58
napoed_store12,Bundling Skincare Camille Beauty,,5,2024-08-11 20:57
napoed_store12,BPOM Camille Product 25gr-65gr (baca deskripsi!!),,5,2024-08-11 20:57
aninn07anin,Daily Set Bundling Camille,,5,2024-08-11 20:57
selciazzaaqilla,BPOM Camille Product 25gr-65gr (baca deskripsi!!),,5,2024-08-11 20:57
a*****d,Little Pop face mist by Camille,,5,2024-08-11 20:56
witriemaulydia524,BPOM Camille Product 25gr-65gr (baca deskripsi!!),,5,2024-08-11 20:56
7a4xvue40t,Little Pop face mist by Camille,,5,2024-08-11 20:55
i0zql8aow1,SUNNY DAY CREAM WITH SUNSCREEN by Camille,,5,2024-08-11 20:55
putriayuamaliyah19,Little Pop face mist by Camille,,5,2024-08-11 20:55
a*****z,Daily Set Bundling Camille,,5,2024-08-11 20:55
a*****z,Little Pop face mist by Camille,,5,2024-08-11 20:55
ulfahnurainii,SUNNY DAY CREAM WITH SUNSCREEN by Camille,,5,2024-08-11 20:55
mariamagdalena996,NEW Camille Beauty Lip Tint,,5,2024-08-11 20:55
mariamagdalena996,BEAUTY CHARGE FACIAL CLEANCER,,5,2024-08-11 20:55
mariamagdalena996,SAY GLOWRY MOISTURIZER by Camille,,5,2024-08-11 20:55
deviokta124,BPOM Camille Product 25gr-65gr (baca deskripsi!!),,5,2024-08-11 20:54
minamrina905,BPOM Camille Product 25gr-65gr (baca deskripsi!!),,4,2024-08-11 20:53
pramesty26,HAPPY JOY SERUM by Camille,,5,2024-08-11 20:53
nengitaanengitaa341,BPOM Camille Product 25gr-65gr (baca deskripsi!!),,5,2024-08-11 20:53
gffsungaibambu,MOON NIGHT CREAM by Camille,,5,2024-08-11 20:53
gffsungaibambu,SUNNY DAY CREAM WITH SUNSCREEN by Camille,,5,2024-08-11 20:53
bc11p_0208,BPOM Camille Product 25gr-65gr (baca deskripsi!!),,5,2024-08-11 20:53
sitapermata99,Daily Set Bundling Camille,,5,2024-08-11 20:53
antymoet,SUNNY DAY CREAM WITH SUNSCREEN by Camille,,5,2024-08-11 20:52
zo1h888_b4,Daily Set Bundling Camille,,4,2024-08-11 20:52
nurfujirahmawati,ME WITH YOU ESSENCE TONER by Camille,,5,2024-08-11 20:52
antymoet,MOON NIGHT CREAM by Camille,Alhamdulillah cocok pakai produk Camille,5,2024-08-11 20:52
nurfujirahmawati,SAY GLOWRY MOISTURIZER by Camille,,5,2024-08-11 20:51
maurameyy,BPOM Camille Product 25gr-65gr (baca deskripsi!!),,5,2024-08-11 20:51
ika07andi,SUNNY DAY CREAM WITH SUNSCREEN by Camille,"Tekstur:belum dicoba
Efek:belum dicoba
Aroma:belum dicoba

Ini order pertama day Creamnya..semoga cocok di kulit wajah aku..",5,2024-08-11 20:51
d*****a,MOON NIGHT CREAM by Camille,"Tekstur:cream

Next order lagi karena jatuh cinta terus sama camileü•∞",5,2024-08-11 20:50
sitimuna0497,Bundling Package Facemist isi 3,,5,2024-08-11 20:50
iyansifa,Little Pop face mist by Camille,,4,2024-08-11 20:50
tedyprasetyoij,MOON NIGHT CREAM by Camille,,5,2024-08-11 20:49
elvadwihapsari1234,BEAUTY CHARGE FACIAL CLEANCER,,5,2024-08-11 20:49
elvadwihapsari1234,BPOM Camille Product 25gr-65gr (baca deskripsi!!),,5,2024-08-11 20:49
novitanurfa,BPOM Camille Product 25gr-65gr (baca deskripsi!!),,4,2024-08-11 20:49
fadhiaardiyanti,Little Pop face mist by Camille,,5,2024-08-11 20:49
windi14_,BEAUTY CHARGE FACIAL CLEANCER,,5,2024-08-11 20:49
windi14_,SUNNY DAY CREAM WITH SUNSCREEN by Camille,,5,2024-08-11 20:49
ika07andi,MOON NIGHT CREAM by Camille,"Tekstur:sesuai deskripsi
Cocok untuk:kusam, berkomedo, jerawat on of
Aroma:enak

Alhamdulillah order yg kesekian kalinya.. dan cocok..pas pake night creamnya..kulit wajah jadi lembab,gak kering dan gak kusam.. komedo juga berkurang..",5,2024-08-11 20:49
hafitasalwaa584,Little Pop face mist by Camille,,4,2024-08-11 20:48
jeniiiandrianti,Daily Set Bundling Camille,,5,2024-08-11 20:48
s8vnulo5dp,SUNNY DAY CREAM WITH SUNSCREEN by Camille,"Tekstur:terasa bagus sekali produk nya
Efek:lembab d kuliat
Aroma:tahan lama dan bagus pwoll",5,2024-08-11 20:47
c*****h,BPOM Camille Product 25gr-65gr (baca deskripsi!!),"Kenyamanan:cocok
Daya Serap:cepat nyerap
Efek:hasil memuaskan

bagus dehh suka",5,2024-08-11 20:47
fajrulafif2,Little Pop face mist by Camille,,5,2024-08-11 20:47
i*****a,ME WITH YOU ESSENCE TONER by Camille,,5,2024-08-11 20:47
i*****a,SUNNY DAY CREAM WITH SUNSCREEN by Camille,Selalu jadi langganan tiap bulan ada aja yang di beli,5,2024-08-11 20:47
m*****a,BPOM Camille Product 25gr-65gr (baca deskripsi!!),Harga murah. Kualitas Bagus. Pengemasan dan Pengiriman Cepat. Makasih Seller,5,2024-08-11 20:47
ghnagrnia,BPOM Camille Product 25gr-65gr (baca deskripsi!!),,5,2024-08-11 20:46
assyifa_1009,SUNNY DAY CREAM WITH SUNSCREEN by Camille,,5,2024-08-11 20:46
zulfawnh,Bundling NEW Camille Beauty Lip Tint,,5,2024-08-11 20:46
nilamulandari,MOON NIGHT CREAM by Camille,,5,2024-08-11 20:45
nilamulandari,SUNNY DAY CREAM WITH SUNSCREEN by Camille,,5,2024-08-11 20:45
shintaps16,Little Pop face mist by Camille,,5,2024-08-11 20:45
dindadudut,MOON NIGHT CREAM by Camille,,5,2024-08-11 20:45
irdacitralestari,SAY GLOWRY MOISTURIZER by Camille,,5,2024-08-11 20:45
eriyani.rahma,BPOM Camille Product 25gr-65gr (baca deskripsi!!),,5,2024-08-11 20:45
eriyani.rahma,Little Pop face mist by Camille,,5,2024-08-11 20:45
.tya29,BPOM Camille Product 25gr-65gr (baca deskripsi!!),Tidak dpt free digiftü•π,5,2024-08-11 20:44
adissharistifara,BPOM Camille Product 25gr-65gr (baca deskripsi!!),,5,2024-08-11 20:44
e*****e,Daily Set Bundling Camille,,5,2024-08-11 20:44
septifitriasulistiani,Little Pop face mist by Camille,,5,2024-08-11 20:44
firka_tteh06,NEW Camille Beauty Lip Tint,,5,2024-08-11 20:43
w7mknci95w,BPOM Camille Product 25gr-65gr (baca deskripsi!!),,5,2024-08-11 20:42
tanprmtsr1,BPOM Camille Product 25gr-65gr (baca deskripsi!!),,5,2024-08-11 20:42
arasyrona545,Bundling Skincare Camille Beauty,,5,2024-08-11 20:41
deaherlina26_,BEAUTY CHARGE FACIAL CLEANCER,,5,2024-08-11 20:41
binduonces,NEW Camille Beauty Lip Tint,,5,2024-08-11 20:41
binduonces,HAPPY JOY SERUM by Camille,,5,2024-08-11 20:41
binduonces,SUNNY DAY CREAM WITH SUNSCREEN by Camille,,5,2024-08-11 20:41
luaturrofiah77,Little Pop face mist by Camille,,5,2024-08-11 20:40
arethakeizaalfarizi,BPOM Camille Product 25gr-65gr (baca deskripsi!!),,5,2024-08-11 20:40
destiardila913,BPOM Camille Product 25gr-65gr (baca deskripsi!!),,5,2024-08-11 20:40
begawan96,Little Pop face mist by Camille,,5,2024-08-11 20:40
kania.putri01_,NEW Camille Beauty Lip Tint,,5,2024-08-11 20:40
kania.putri01_,ME WITH YOU ESSENCE TONER by Camille,,5,2024-08-11 20:40
kania.putri01_,BEAUTY CHARGE FACIAL CLEANCER,"Tekstur:lembut dan tidak menimbulkan rasa lengket
Aroma:memiliki wangi yg menyegar kan wangi bayi banget
Cocok untuk:kulit apa aja",5,2024-08-11 20:40
sukmasuprr_,Bodyscrub Camille 250gr by camille,,5,2024-08-11 20:40
rifanabilakhoirunnisa,BPOM Camille Product 25gr-65gr (baca deskripsi!!),,5,2024-08-11 20:39
r*****a,Little Pop face mist by Camille,,5,2024-08-11 20:39
mantapheryani,Daily Set Bundling Camille,,5,2024-08-11 20:39
nrl_14,SUNNY DAY CREAM WITH SUNSCREEN by Camille,,5,2024-08-11 20:38
purwati20_,SUNNY DAY CREAM WITH SUNSCREEN by Camille,,5,2024-08-11 20:38
purwati20_,HAPPY JOY SERUM by Camille,,5,2024-08-11 20:38
tamaraputri_rara,BPOM Camille Product 25gr-65gr (baca deskripsi!!),,5,2024-08-11 20:37
nzdlsm20uj,Little Pop face mist by Camille,,5,2024-08-11 20:37
v8xy81qioe,BEAUTY CHARGE FACIAL CLEANCER,,5,2024-08-11 20:37
sity0781,SUNNY DAY CREAM WITH SUNSCREEN by Camille,Alhamdulillah udah nyampe paketnya blm dcb mudahan cck dkulit ankqu tar order lagi,5,2024-08-11 20:37
v8xy81qioe,BEAUTY CHARGE FACIAL CLEANCER,,5,2024-08-11 20:36
l*****z,Little Pop face mist by Camille,,5,2024-08-11 20:36
d*****a,BPOM Camille Product 25gr-65gr (baca deskripsi!!),,5,2024-08-11 20:35
lusimasuroh,BPOM Camille Product 25gr-65gr (baca deskripsi!!),,4,2024-08-11 20:35
lusimasuroh,Little Pop face mist by Camille,,5,2024-08-11 20:35
gaida_salma,BPOM Camille Product 25gr-65gr (baca deskripsi!!),,5,2024-08-11 20:34
lbc6ebcfxq,MOON NIGHT CREAM by Camille,,5,2024-08-11 20:34
lbc6ebcfxq,SUNNY DAY CREAM WITH SUNSCREEN by Camille,,5,2024-08-11 20:34
lbc6ebcfxq,BPOM Camille Product 25gr-65gr (baca deskripsi!!),,5,2024-08-11 20:34
lbc6ebcfxq,Little Pop face mist by Camille,,5,2024-08-11 20:34
dynilasn,Bundling Skincare Camille Beauty,,5,2024-08-11 20:34
halimatus_syadiah08,ME WITH YOU ESSENCE TONER by Camille,,5,2024-08-11 20:33
nurfitrii11,Little Pop face mist by Camille,,5,2024-08-11 20:33
n*****i,SUNNY DAY CREAM WITH SUNSCREEN by Camille,,5,2024-08-11 20:33
n*****i,Little Pop face mist by Camille,,5,2024-08-11 20:33
_3wafey8iu,Little Pop face mist by Camille,,5,2024-08-11 20:33
u*****g,SUNNY DAY CREAM WITH SUNSCREEN by Camille,"terima kasih camille
dapet harga 37rb
karena dapet promo pas 8.8",5,2024-08-11 20:32
a*****b,BPOM Camille Product 25gr-65gr (baca deskripsi!!),,5,2024-08-11 20:32
putuirojoyo,Daily Set Bundling Camille,,5,2024-08-11 20:32
putuirojoyo,HAPPY JOY SERUM by Camille,,5,2024-08-11 20:32
_alifia06,BPOM Camille Product 25gr-65gr (baca deskripsi!!),,5,2024-08-11 20:32
dian_yati07,BEAUTY CHARGE FACIAL CLEANCER,,2,2024-08-11 20:32
q*****m,Bundling Package Facemist isi 3,,5,2024-08-11 20:31
q*****m,Bodyscrub Camille 250gr by camille,,5,2024-08-11 20:31
e*****.,BPOM Camille Product 25gr-65gr (baca deskripsi!!),"Kenyamanan:nyaman banget di kulit
Daya Serap:cepat menyerap
Efek:auto segeran wajah

sebenernya udah cobain beberapa produk camille kayak moisturizer, day cream, sama facemist. tapi baru kali ini cobain maskernya karena mau ikhtiar ngilangin komedo, makanya pilih varian coffee. dan ga nyangka sebagus ituuu üò≠ baru sekali pake udah ngerasa ada efeknya jadi mau repeat terus biar pori-pori mengecil. oh iya kandungannya juga gong bangett, trus itu di foto juga keliatan kan ada saffronnya behhh. packing  udah gausah diraguin lah ya, beli cuma masker 1 biji aja bubble wrapnya segunung üôèüèª pengiriman juga cepet, pokoknya gapernah nyesel beli di camille.",5,2024-08-11 20:31
sitiiyay04,SUNNY DAY CREAM WITH SUNSCREEN by Camille,,5,2024-08-11 20:31
risky14.sari,SAY GLOWRY MOISTURIZER by Camille,,5,2024-08-11 20:31
risky14.sari,BPOM Camille Product 25gr-65gr (baca deskripsi!!),,5,2024-08-11 20:31
mutiarahanan1,BPOM Camille Product 25gr-65gr (baca deskripsi!!),,5,2024-08-11 20:30
kang.syaiq,Bodyscrub Camille 250gr by camille,,4,2024-08-11 20:30
arbiwibowo27,SUNNY DAY CREAM WITH SUNSCREEN by Camille,,5,2024-08-11 20:30
mochichi922,BPOM Camille Product 25gr-65gr (baca deskripsi!!),,5,2024-08-11 20:30
shaviranursabilla,NEW Camille Beauty Lip Tint,,5,2024-08-11 20:30
eva_aristiyani,Bundling Package Facemist isi 3,,4,2024-08-11 20:30
sitinurlatifah622,Bundling Skincare Basic by Camille,,5,2024-08-11 20:30
nuey89,EXCLUSIVE Toasty Lip Cream By Camille,,5,2024-08-11 20:29
nadabela24,BPOM Camille Product 25gr-65gr (baca deskripsi!!),,4,2024-08-11 20:29
u*****g,ME WITH YOU ESSENCE TONER by Camille,terima kasih camille barang sudah sampai dengan cepat dan selamat,5,2024-08-11 20:29
meizavelmazhafira,BPOM Camille Product 25gr-65gr (baca deskripsi!!),,5,2024-08-11 20:29
sanolhs,MOON NIGHT CREAM by Camille,,5,2024-08-11 20:29
x5g51i_kq2,BPOM Camille Product 25gr-65gr (baca deskripsi!!),,5,2024-08-11 20:28
x*****2,Little Pop face mist by Camille,"Aroma:wangi bangeett
Efek:bikin kulit muluzzz
Tekstur:ada grindil buat ngescrub

Emang si duo ini perfect combo syekali kalau disatuin luv luv luv camille beauty<3",5,2024-08-11 20:28
sanolhs,BEAUTY CHARGE FACIAL CLEANCER,,5,2024-08-11 20:28
yuliiaa149,Little Pop face mist by Camille,"Aroma:aromanya ga ganggu
Efek:segar
Tekstur:cair

ini order kedua aku, so far inj sih bikin seger, kalo mencerahkan mungkin belum karena baru botol kedua dan sempet ada jeda juga beberapa bulan, semoga bisa selalu beli lagi karena aku juga masih dana pelajaran ya apalagi masih sma uangnya suka kebagi bagi ke skincare lain üò≠üò≠ tapi cocok di aku, pengen beli liptinya tapi belum ada rezeki, semoga nanti kebagian diskon lagi hihi ü§©",5,2024-08-11 20:28
f*****s,Daily Set Bundling Camille,,5,2024-08-11 20:28
ditaaprrm,HAPPY JOY SERUM by Camille,,5,2024-08-11 20:28
ditaaprrm,SUNNY DAY CREAM WITH SUNSCREEN by Camille,,5,2024-08-11 20:28
viona_rosalina04,Bundling Package Facemist isi 3,,5,2024-08-11 20:28
viona_rosalina04,Bundling Skincare Camille Beauty,,5,2024-08-11 20:28
r*****9,MOON NIGHT CREAM by Camille,Terimakasih kak paketnya udah sampai ada uang tunaiinya 20k lumaya buat beli bakso üòÅ,5,2024-08-11 20:26
ninoalbert763,Little Pop face mist by Camille,Bagussss bgtttt,5,2024-08-11 20:26
dinitita30,Little Pop face mist by Camille,"bagus banget FM dari Camille, bikin wajah jadi bersih, wajib beli sihh",5,2024-08-11 20:26
denydyrga,Bundling Skincare Camille Beauty,,5,2024-08-11 20:25
adeliaasmayati,Daily Set Bundling Camille,,5,2024-08-11 20:25
putritiaw,BPOM Camille Product 25gr-65gr (baca deskripsi!!),,5,2024-08-11 20:25
ferdy206_,BPOM Camille Product 25gr-65gr (baca deskripsi!!),,4,2024-08-11 20:25
cuhf353qvy,BPOM Camille Product 25gr-65gr (baca deskripsi!!),,5,2024-08-11 20:24
cuhf353qvy,Little Pop face mist by Camille,,5,2024-08-11 20:24
antiimeriani_10,NEW Camille Beauty Lip Tint,"Tekstur:lembut
Cocok untuk:wanita
Aroma:wangi bgt

Suka pokonya full sukaüòçüòçüòç",5,2024-08-11 20:24
q028nqmma9,Daily Set Bundling Camille,,5,2024-08-11 20:24
q028nqmma9,HAPPY JOY SERUM by Camille,,5,2024-08-11 20:24
jamal45536,Daily Set Bundling Camille,,1,2024-08-11 20:24
jamal45536,Bundling Skincare Basic by Camille,,5,2024-08-11 20:24
adindanurulaulia,SUNNY DAY CREAM WITH SUNSCREEN by Camille,,5,2024-08-11 20:23
n*****9,MOON NIGHT CREAM by Camille,,5,2024-08-11 20:23
nybeautystore11,BPOM Camille Product 25gr-65gr (baca deskripsi!!),,5,2024-08-11 20:23
adindanurulaulia,HAPPY JOY SERUM by Camille,"Tekstur:cepat menyerap
Cocok untuk:semua jenis kulit
Efek:mencerahkan dan memudarkan bekas flek

Puluhan kali repurchase Camille kesayanganku‚ù§Ô∏èü•∞ Sukses terus ya Mamiya dan tim Camille, terimakasih sudah ada di dunia skincare-an aku. Bener bener cocok bgt bgt pake Camille gapernah ganti dan coba coba yg lain lagi semenjak pake Camille dari 2021üëç Mana kantornya sekarang tetangga rumah ku, tinggal beli kesebelah dehüòÅ",5,2024-08-11 20:23
putrinovita2270,SUNNY DAY CREAM WITH SUNSCREEN by Camille,,5,2024-08-11 20:23
masibad27,ME WITH YOU ESSENCE TONER by Camille,,5,2024-08-11 20:23
masibad27,HAPPY JOY SERUM by Camille,,5,2024-08-11 20:23
masibad27,BPOM Camille Product 25gr-65gr (baca deskripsi!!),"Kenyamanan:aman

paketnya datang dengan selamat.. makasih.. dapet cashback 2k.. makasih ya mbk nadya semoga lancar terus bisnisnya.. aku udah langganan di camile produknya mantul..",5,2024-08-11 20:23
vinoot20,BPOM Camille Product 25gr-65gr (baca deskripsi!!),,4,2024-08-11 20:23
shintyaseptiani,Bundling Package Facemist isi 3,,5,2024-08-11 20:23
epannursigit123,Bundling Package Facemist isi 3,,5,2024-08-11 20:22
rikawulandari138,BPOM Camille Product 25gr-65gr (baca deskripsi!!),,5,2024-08-11 20:22
epannursigit123,BPOM Camille Product 25gr-65gr (baca deskripsi!!),,5,2024-08-11 20:22
juzkekdjd,Daily Set Bundling Camille,,5,2024-08-11 20:22
lia_luky,NEW Camille Beauty Lip Tint,,5,2024-08-11 20:22
miramustika635,Bundling Skincare Camille Beauty,Beli yg ke 2x nyaaaüòç suka puollüòç,5,2024-08-11 20:21
miramustika635,BPOM Camille Product 25gr-65gr (baca deskripsi!!),,5,2024-08-11 20:21
miramustika635,Little Pop face mist by Camille,,5,2024-08-11 20:21
dianapangastuti841,HAPPY JOY SERUM by Camille,,5,2024-08-11 20:21
lala_slavinaa,Little Pop face mist by Camille,,5,2024-08-11 20:21
henyfairy,Little Pop face mist by Camille,,5,2024-08-11 20:20
andyna.id,BPOM Camille Product 25gr-65gr (baca deskripsi!!),,5,2024-08-11 20:20
e*****3,SUNNY DAY CREAM WITH SUNSCREEN by Camille,,5,2024-08-11 20:20
e*****3,Bodyscrub Camille 250gr by camille,,5,2024-08-11 20:20
andyna.id,Little Pop face mist by Camille,,5,2024-08-11 20:20
lastridevimanroe,Bundling Package Facemist isi 3,,5,2024-08-11 20:20
lusnalestari,BPOM Camille Product 25gr-65gr (baca deskripsi!!),,5,2024-08-11 20:20
n*****3,MOON NIGHT CREAM by Camille,,4,2024-08-11 20:19
y44jr9nvxb,BPOM Camille Product 25gr-65gr (baca deskripsi!!),,5,2024-08-11 20:19
sarita_msglowduri,Bodyscrub Camille 250gr by camille,,4,2024-08-11 20:19
amynadyaalifah,Little Pop face mist by Camille,,5,2024-08-11 20:19
sitinurkholifah993,SUNNY DAY CREAM WITH SUNSCREEN by Camille,,5,2024-08-11 20:19
h*****4,BPOM Camille Product 25gr-65gr (baca deskripsi!!),,5,2024-08-11 20:18
sitinurkholifah993,MOON NIGHT CREAM by Camille,,5,2024-08-11 20:18
dhewi_025,BPOM Camille Product 25gr-65gr (baca deskripsi!!),,5,2024-08-11 20:18
fitriharyadi85,BEAUTY CHARGE FACIAL CLEANCER,,5,2024-08-11 20:18
fitriharyadi85,HAPPY JOY SERUM by Camille,,5,2024-08-11 20:18
fitriharyadi85,SUNNY DAY CREAM WITH SUNSCREEN by Camille,,5,2024-08-11 20:18
agr_5kxv9j,EXCLUSIVE Toasty Lip Cream By Camille,,5,2024-08-11 20:18
astrijuniati27,BEAUTY CHARGE FACIAL CLEANCER,"Tekstur:ringan dan nyaman saat di pakai
Aroma:memiliki wangi yg lembut dan menyenangkan
Cocok untuk:segala macam jenis",5,2024-08-11 20:18
e*****5,BEAUTY CHARGE FACIAL CLEANCER,,5,2024-08-11 20:18
alfiaanggraeni,NEW Camille Beauty Lip Tint,,5,2024-08-11 20:18
itslyta01,BPOM Camille Product 25gr-65gr (baca deskripsi!!),,4,2024-08-11 20:18
nurrahmafitriani694,Little Pop face mist by Camille,,5,2024-08-11 20:18
shelfa.pp,BEAUTY CHARGE FACIAL CLEANCER,,5,2024-08-11 20:18
shelfa.pp,HAPPY JOY SERUM by Camille,,5,2024-08-11 20:18
alfiaanggraeni,SAY GLOWRY MOISTURIZER by Camille,,5,2024-08-11 20:18
shelfa.pp,NEW Camille Beauty Lip Tint,,5,2024-08-11 20:18
shelfa.pp,SAY GLOWRY MOISTURIZER by Camille,,5,2024-08-11 20:18
hanifahanwar6,Little Pop face mist by Camille,"Tekstur:lembut tidak lengket

Akhirnya dapet juga day cream nyaüò≠ emang ya harus mantau terus biar kebagian apalagi dapet harga yg wawüòçü§≠ makasih Camilleüòç",5,2024-08-11 20:18
marheniss,SUNNY DAY CREAM WITH SUNSCREEN by Camille,,5,2024-08-11 20:18
alfiaanggraeni,HAPPY JOY SERUM by Camille,,5,2024-08-11 20:18
alfiaanggraeni,Little Pop face mist by Camille,,5,2024-08-11 20:18
amandaputriiiiii,BPOM Camille Product 25gr-65gr (baca deskripsi!!),,5,2024-08-11 20:18
alfiaanggraeni,ME WITH YOU ESSENCE TONER by Camille,,5,2024-08-11 20:17
hff3ms_mzs,BPOM Camille Product 25gr-65gr (baca deskripsi!!),,4,2024-08-11 20:17
suliyemcika,SAY GLOWRY MOISTURIZER by Camille,,5,2024-08-11 20:17
suliyemcika,BPOM Camille Product 25gr-65gr (baca deskripsi!!),,5,2024-08-11 20:17
s*****a,Little Pop face mist by Camille,,5,2024-08-11 20:17
dewiminartiiii,SUNNY DAY CREAM WITH SUNSCREEN by Camille,"Tekstur:nyaman dan halus
Efek:lembab",5,2024-08-11 20:17
enoyy31,BPOM Camille Product 25gr-65gr (baca deskripsi!!),,5,2024-08-11 20:17
sillaaaa796,MOON NIGHT CREAM by Camille,,5,2024-08-11 20:16
chxoxobryy_,BPOM Camille Product 25gr-65gr (baca deskripsi!!),,5,2024-08-11 20:16
byanchatamaraniastria14,NEW Camille Beauty Lip Tint,,5,2024-08-11 20:16
a*****a,Little Pop face mist by Camille,,5,2024-08-11 20:15
arsyillaanin,BEAUTY CHARGE FACIAL CLEANCER,,5,2024-08-11 20:15
renimelani816,BPOM Camille Product 25gr-65gr (baca deskripsi!!),,5,2024-08-11 20:15
indrirafa2021,Bodyscrub Camille 250gr by camille,Pembelian kedua secocok ituuu,5,2024-08-11 20:15
n*****a,HAPPY JOY SERUM by Camille,"Tekstur:blm dicoba
Cocok untuk:wajah
Efek:blm dicoba

lg nyoba produk skincare nya mamiyaaaa semoga cocok ya dimuka akuü•πü•πü•π",5,2024-08-11 20:14
salsabilarahmawati628,Little Pop face mist by Camille,,5,2024-08-11 20:14
dindatiaraavelia,HAPPY JOY SERUM by Camille,,5,2024-08-11 20:14
dindatiaraavelia,BPOM Camille Product 25gr-65gr (baca deskripsi!!),,5,2024-08-11 20:14
a*****n,HAPPY JOY SERUM by Camille,,5,2024-08-11 20:14
a*****n,Little Pop face mist by Camille,,5,2024-08-11 20:14
nazwa12_fashion,BPOM Camille Product 25gr-65gr (baca deskripsi!!),,5,2024-08-11 20:14
ayusepta2909,BPOM Camille Product 25gr-65gr (baca deskripsi!!),,5,2024-08-11 20:14
vickychoyrunnisa,SAY GLOWRY MOISTURIZER by Camille,,5,2024-08-11 20:14
nazwa12_fashion,BPOM Camille Product 25gr-65gr (baca deskripsi!!),,5,2024-08-11 20:14
afniar,BPOM Camille Product 25gr-65gr (baca deskripsi!!),,5,2024-08-11 20:14
vickychoyrunnisa,NEW Camille Beauty Lip Tint,,5,2024-08-11 20:13
erikfals23_,"Bundling Masker 65gr(Str, Cok, Grt) + Fm",,5,2024-08-11 20:13
mirahumayroh721,ME WITH YOU ESSENCE TONER by Camille,,5,2024-08-11 20:13
l_xwsngeoq,Little Pop face mist by Camille,,5,2024-08-11 20:13
erikfals23_,Little Pop face mist by Camille,,5,2024-08-11 20:13
fwis7q7mms,Bodyscrub Camille 250gr by camille,,5,2024-08-11 20:12
sh455mei,BPOM Camille Product 25gr-65gr (baca deskripsi!!),,5,2024-08-11 20:12
sh455mei,Little Pop face mist by Camille,,5,2024-08-11 20:12
tokotyaaa,NEW Camille Beauty Lip Tint,cakeeepp polll,5,2024-08-11 20:12
jihanfaiqotulismah,SAY GLOWRY MOISTURIZER by Camille,,5,2024-08-11 20:12
jihanfaiqotulismah,MOON NIGHT CREAM by Camille,,5,2024-08-11 20:12
jihanfaiqotulismah,Little Pop face mist by Camille,,5,2024-08-11 20:12
4drf41gtxr,BPOM Camille Product 25gr-65gr (baca deskripsi!!),,5,2024-08-11 20:12
58os5prrm5,BPOM Camille Product 25gr-65gr (baca deskripsi!!),,5,2024-08-11 20:12
n*****a,BPOM Camille Product 25gr-65gr (baca deskripsi!!),"Kenyamanan:blm dicoba
Daya Serap:blm dicoba
Efek:blm dicoba

lg nyetok masker dr produk Camille mamiyaaaaü•∞ü•∞ü•∞üòªüòªüòª",5,2024-08-11 20:12
sakinahraisarahma,BPOM Camille Product 25gr-65gr (baca deskripsi!!),,5,2024-08-11 20:12
a*****7,BPOM Camille Product 25gr-65gr (baca deskripsi!!),,5,2024-08-11 20:11
amandawijayanti,Little Pop face mist by Camille,,5,2024-08-11 20:11
evisofi676,BPOM Camille Product 25gr-65gr (baca deskripsi!!),"Kenyamanan:bagus
Daya Serap:bagus
Efek:bagus",5,2024-08-11 20:11
nisya_,HAPPY JOY SERUM by Camille,,5,2024-08-11 20:10
nisya_,MOON NIGHT CREAM by Camille,Rezeki CO ke 2 dapet hadiah 8.8 üòç,5,2024-08-11 20:10
hilyatullubi,ME WITH YOU ESSENCE TONER by Camille,,5,2024-08-11 20:10
xyjy_7tyg_,BPOM Camille Product 25gr-65gr (baca deskripsi!!),,5,2024-08-11 20:10
cempakaa1,Little Pop face mist by Camille,,5,2024-08-11 20:10
fika23.sandra,BPOM Camille Product 25gr-65gr (baca deskripsi!!),,5,2024-08-11 20:10
fika23.sandra,Little Pop face mist by Camille,,5,2024-08-11 20:09
rofikotul_awlyh,Little Pop face mist by Camille,,5,2024-08-11 20:09
nengirni28,BPOM Camille Product 25gr-65gr (baca deskripsi!!),,5,2024-08-11 20:09
putriangga18,Little Pop face mist by Camille,,5,2024-08-11 20:09
sb43yn3g_a,Bundling Skincare Camille Beauty,,5,2024-08-11 20:09
n*****_,Little Pop face mist by Camille,,5,2024-08-11 20:09
sitilaelimaulia,MOON NIGHT CREAM by Camille,,5,2024-08-11 20:09
sitilaelimaulia,SUNNY DAY CREAM WITH SUNSCREEN by Camille,,5,2024-08-11 20:09
kurnianurazizah12327,ME WITH YOU ESSENCE TONER by Camille,,5,2024-08-11 20:08
kurnianurazizah12327,BEAUTY CHARGE FACIAL CLEANCER,,5,2024-08-11 20:08
kurnianurazizah12327,SAY GLOWRY MOISTURIZER by Camille,,5,2024-08-11 20:08
kurnianurazizah12327,MOON NIGHT CREAM by Camille,,5,2024-08-11 20:08
asriiklimah,BPOM Camille Product 25gr-65gr (baca deskripsi!!),,5,2024-08-11 20:08
asriiklimah,Little Pop face mist by Camille,,5,2024-08-11 20:08
syifaaaanur3,Little Pop face mist by Camille,,5,2024-08-11 20:08
s*****h,BPOM Camille Product 25gr-65gr (baca deskripsi!!),,5,2024-08-11 20:07
astrijuniati27,ME WITH YOU ESSENCE TONER by Camille,"Tekstur:memiliki tekstur yang bagus
Daya Serap:cepat menyerap
Cocok untuk:kulit sensitif",5,2024-08-11 20:07
xnzhhb21es,SAY GLOWRY MOISTURIZER by Camille,,5,2024-08-11 20:07
xnzhhb21es,HAPPY JOY SERUM by Camille,,5,2024-08-11 20:07
awaliaptri23,BPOM Camille Product 25gr-65gr (baca deskripsi!!),,4,2024-08-11 20:07
saniatul.kholidah,SUNNY DAY CREAM WITH SUNSCREEN by Camille,Perdana nyobain produk camile semoga cocok ‚ù§Ô∏è,5,2024-08-11 20:07
chaca_rizka,BPOM Camille Product 25gr-65gr (baca deskripsi!!),,5,2024-08-11 20:07
delisasb,Bundling Skincare Basic by Camille,"Po 3 hari tapi hari ke 4 sudah sampai pesenannya cepattt pengiriman nya, dapet harga diskon saat live 8.8 dan dapet uang 100 rb di dalam paket nya terimakasih ka nadiaü´∂üèª",5,2024-08-11 20:07
delisasb,HAPPY JOY SERUM by Camille,"Po 3 hari tapi hari ke 4 sudah sampai pesenannya cepattt pengiriman nya, dapet harga diskon saat live 8.8 dan dapet uang 100 rb di dalam paket nya terimakasih ka nadiaü´∂üèª",5,2024-08-11 20:07
delisasb,MOON NIGHT CREAM by Camille,"Po 3 hari tapi hari ke 4 sudah sampai pesenannya cepattt pengiriman nya, dapet harga diskon saat live 8.8 dan dapet uang 100 rb di dalam paket nya terimakasih ka nadiaü´∂üèª",5,2024-08-11 20:07
delisasb,SUNNY DAY CREAM WITH SUNSCREEN by Camille,"Tekstur:mudah di aplikasikan
Efek:untuk kulit
Aroma:wangi

Po 3 hari tapi hari ke 4 sudah sampai pesenannya cepattt pengiriman nya, dapet harga diskon saat live 8.8 dan dapet uang 100 rb di dalam paket nya terimakasih ka nadiaü´∂üèª",5,2024-08-11 20:07
dewiysntasri04,NEW Camille Beauty Lip Tint,"Tekstur:memuaskan
Cocok untuk:remajaa
Aroma:wangi cake coklat",5,2024-08-11 20:07
ikesrisundarii,NEW Camille Beauty Lip Tint,,5,2024-08-11 20:07
kinanthilaraswati896,Little Pop face mist by Camille,,5,2024-08-11 20:07
asriiklimah,SAY GLOWRY MOISTURIZER by Camille,,5,2024-08-11 20:06
ikesrisundarii,Bundling Skincare Camille Beauty,,5,2024-08-11 20:06
salsadwinovita0305,BPOM Camille Product 25gr-65gr (baca deskripsi!!),,5,2024-08-11 20:06
momy_zamzyn,Little Pop face mist by Camille,,5,2024-08-11 20:06
mutiaranisaaaa_,Bodyscrub Camille 250gr by camille,"Aroma:Super Wangi Sekali
Tekstur:Lembut
Efek:Mencerahkan kulit, melembutkan kulit

Pertama kali coba bnr2 wangi bgt, bikin kulitku bersih, pokonya happy bgt belanja di Camilleüíñ",5,2024-08-11 20:06
d*****i,BPOM Camille Product 25gr-65gr (baca deskripsi!!),,5,2024-08-11 20:05
indraavif_,SUNNY DAY CREAM WITH SUNSCREEN by Camille,,5,2024-08-11 20:05
aizah_97,MOON NIGHT CREAM by Camille,,4,2024-08-11 20:05
aizah_97,Little Pop face mist by Camille,,4,2024-08-11 20:05
nabilakurniasih,Little Pop face mist by Camille,"Aroma:wangi

Pngiiriman cepat ,packing sangat aman..smoga cocok ..pertma kali coba f.mist nya",5,2024-08-11 20:05
ldegsnggey,SUNNY DAY CREAM WITH SUNSCREEN by Camille,,4,2024-08-11 20:05
agghisninurkhabibah,HAPPY JOY SERUM by Camille,,5,2024-08-11 20:05
l*****3,Little Pop face mist by Camille,,5,2024-08-11 20:05
ellydesiana,MOON NIGHT CREAM by Camille,"Baru mau cobaaa, semoga cocokü•∞ü•∞",5,2024-08-11 20:04
delianovitasari16,Little Pop face mist by Camille,,5,2024-08-11 20:04
franzesska,Little Pop face mist by Camille,,5,2024-08-11 20:04
l*****3,BPOM Camille Product 25gr-65gr (baca deskripsi!!),,5,2024-08-11 20:04
restimahira,Little Pop face mist by Camille,,5,2024-08-11 20:04
dianmuthia392,NEW Camille Beauty Lip Tint,,5,2024-08-11 20:03
dianmuthia392,BPOM Camille Product 25gr-65gr (baca deskripsi!!),,5,2024-08-11 20:03
adjie.f,Little Pop face mist by Camille,,1,2024-08-11 20:03
astrijuniati27,ME WITH YOU ESSENCE TONER by Camille,"Tekstur:sangat lembut dan nyaman
Daya Serap:cukup memuaskan
Cocok untuk:segala macam kulit",5,2024-08-11 20:02
fajarpurwatisiwi0902,Bundling Skincare Camille Beauty,,5,2024-08-11 20:02
riaanggrn,BPOM Camille Product 25gr-65gr (baca deskripsi!!),,5,2024-08-11 20:02
riaanggrn,Little Pop face mist by Camille,,5,2024-08-11 20:02
rezqiashop,BEAUTY CHARGE FACIAL CLEANCER,"Tekstur:lembut
Aroma:wangi kaya sabun bayi
Cocok untuk:semua kulit

Hadiah warr dapet potongan diskon + uang jajanü§©ü•∞
Makasih Camille ü§©üî•",5,2024-08-11 20:02
witasafitri,Daily Set Bundling Camille,,5,2024-08-11 20:01
witasafitri,SUNNY DAY CREAM WITH SUNSCREEN by Camille,,5,2024-08-11 20:01
rifkyates,MOON NIGHT CREAM by Camille,,5,2024-08-11 20:00
putributik99,BPOM Camille Product 25gr-65gr (baca deskripsi!!),,5,2024-08-11 20:00
denuy06,Little Pop face mist by Camille,,5,2024-08-11 20:00
jjkprd55aq,Little Pop face mist by Camille,Efek:ringan di muka,5,2024-08-11 20:00
sa.store16,SUNNY DAY CREAM WITH SUNSCREEN by Camille,Sangat sukaa,5,2024-08-11 20:00
fajarimaduddin459,SUNNY DAY CREAM WITH SUNSCREEN by Camille,,5,2024-08-11 20:00
deniarsih01,BPOM Camille Product 25gr-65gr (baca deskripsi!!),,5,2024-08-11 19:59
berkahbeauty19_,BPOM Camille Product 25gr-65gr (baca deskripsi!!),,5,2024-08-11 19:59
m*****a,Little Pop face mist by Camille,,5,2024-08-11 19:58
khoriyatulamazing,BPOM Camille Product 25gr-65gr (baca deskripsi!!),,5,2024-08-11 19:58
krina755,BEAUTY CHARGE FACIAL CLEANCER,,5,2024-08-11 19:57
krina755,SUNNY DAY CREAM WITH SUNSCREEN by Camille,,5,2024-08-11 19:57
knz02s_xtt,MOON NIGHT CREAM by Camille,,5,2024-08-11 19:56
knz02s_xtt,SUNNY DAY CREAM WITH SUNSCREEN by Camille,,5,2024-08-11 19:56
knz02s_xtt,BPOM Camille Product 25gr-65gr (baca deskripsi!!),,5,2024-08-11 19:56
n*****a,SUNNY DAY CREAM WITH SUNSCREEN by Camille,,5,2024-08-11 19:56
rismajayatiningsih,Little Pop face mist by Camille,"udah sampe paket akuu, beli 8.8 tapi gada giftnyaaa‚òπÔ∏è‚òπÔ∏è‚òπÔ∏èüò≠üòÖ",4,2024-08-11 19:56
d*****9,BPOM Camille Product 25gr-65gr (baca deskripsi!!),,5,2024-08-11 19:56
nia_rohaniah,SUNNY DAY CREAM WITH SUNSCREEN by Camille,,5,2024-08-11 19:55
aizzaaaa,BPOM Camille Product 25gr-65gr (baca deskripsi!!),,5,2024-08-11 19:55
indahnew04,ME WITH YOU ESSENCE TONER by Camille,,4,2024-08-11 19:55
7ewo7tsxyi,Daily Set Bundling Camille,"Tekstur:ringan
Cocok untuk:all skin type

Selalu mengejutkan sih dpt harga yg wow bgt",5,2024-08-11 19:55
n*****i,Little Pop face mist by Camille,"Aroma:tidak ada
Tekstur:cair

pengiriman cepat, bagus sekali suka sekaliii",5,2024-08-11 19:55
intanafida.n.s,SUNNY DAY CREAM WITH SUNSCREEN by Camille,,5,2024-08-11 19:54
intanafida.n.s,Little Pop face mist by Camille,,5,2024-08-11 19:54
intanafida.n.s,HAPPY JOY SERUM by Camille,,5,2024-08-11 19:54
intanafida.n.s,SUNNY DAY CREAM WITH SUNSCREEN by Camille,,5,2024-08-11 19:53
amalianuraini444,SUNNY DAY CREAM WITH SUNSCREEN by Camille,,5,2024-08-11 19:53
a*****a,BPOM Camille Product 25gr-65gr (baca deskripsi!!),"Kenyamanan:sangat nyaman ketika diapply ke kulit
Daya Serap:mudah menyerap cairan dengan cepat
Efek:mencerahkan wajah

Pengemasan dan pengiriman cukup cepat. Paket sampai sesuai estimasi. Produk yang dikirimkan sudah sesuai, jumlahnya juga sesuai. Exp masih lama, tidak ada kerusakan karena extra bubblewrap. Terimakasih.",5,2024-08-11 19:53
12iis,BPOM Camille Product 25gr-65gr (baca deskripsi!!),,5,2024-08-11 19:52
aulia2008_,Daily Set Bundling Camille,Gprnh dpt gift apa2 apalagi uang tunai:(,5,2024-08-11 19:52
kristina3risna,SUNNY DAY CREAM WITH SUNSCREEN by Camille,,5,2024-08-11 19:52
iqnatia,SUNNY DAY CREAM WITH SUNSCREEN by Camille,,5,2024-08-11 19:52
k*****7,NEW Camille Beauty Lip Tint,,5,2024-08-11 19:52
miftasayank,BPOM Camille Product 25gr-65gr (baca deskripsi!!),,5,2024-08-11 19:52
a*****4,SUNNY DAY CREAM WITH SUNSCREEN by Camille,,5,2024-08-11 19:52
b6do4947bp,SUNNY DAY CREAM WITH SUNSCREEN by Camille,,5,2024-08-11 19:51
salsabillamajid,Little Pop face mist by Camille,,5,2024-08-11 19:51
s*****1,Little Pop face mist by Camille,,5,2024-08-11 19:51
c*****l,Bundling Package Facemist isi 3,"ga nyangka dapet 20.000 üò≠üò≠
udh cocok bgt sama camille pokoknya gokilll",5,2024-08-11 19:51
c*****l,BEAUTY CHARGE FACIAL CLEANCER,"ga nyangka dapet 20.000 üò≠üò≠
udh cocok bgt sama camille pokoknya gokilll",5,2024-08-11 19:51
c*****l,BPOM Camille Product 25gr-65gr (baca deskripsi!!),"ga nyangka dapet 20.000 üò≠üò≠
udh cocok bgt sama camille pokoknya gokilll",5,2024-08-11 19:51
sipaaat,BPOM Camille Product 25gr-65gr (baca deskripsi!!),,5,2024-08-11 19:51
derry24,MOON NIGHT CREAM by Camille,Alhamdulillah sudah sampai. Barang bagus. Pengiriman cepat.,5,2024-08-11 19:50
shinta.nurjanah,BPOM Camille Product 25gr-65gr (baca deskripsi!!),,5,2024-08-11 19:49
shinta.nurjanah,Little Pop face mist by Camille,,5,2024-08-11 19:49
candramega604,Little Pop face mist by Camille,,5,2024-08-11 19:49
hidayatimgl,SUNNY DAY CREAM WITH SUNSCREEN by Camille,,5,2024-08-11 19:48
hidayatimgl,BPOM Camille Product 25gr-65gr (baca deskripsi!!),,5,2024-08-11 19:48
feldaaaadani31,Bundling NEW Camille Beauty Lip Tint,"Cocok untuk:bibir
Warna:nude+merah bata
Aroma:wangi bgt

masyaallah tabarakallah dapat biru‚Äù dari mamiyaaaü´∂",5,2024-08-11 19:47
septyantiramadhany01,SUNNY DAY CREAM WITH SUNSCREEN by Camille,,5,2024-08-11 19:47
septyantiramadhany01,SUNNY DAY CREAM WITH SUNSCREEN by Camille,,5,2024-08-11 19:47
septyantiramadhany01,BEAUTY CHARGE FACIAL CLEANCER,,5,2024-08-11 19:47
niellayliyatuszulfa,ME WITH YOU ESSENCE TONER by Camille,,5,2024-08-11 19:46
eviiyuliana574,SUNNY DAY CREAM WITH SUNSCREEN by Camille,,5,2024-08-11 19:46
eviiyuliana574,Little Pop face mist by Camille,,5,2024-08-11 19:46
60iv28t2eb,BPOM Camille Product 25gr-65gr (baca deskripsi!!),,5,2024-08-11 19:46
8exeakn72y,SUNNY DAY CREAM WITH SUNSCREEN by Camille,,5,2024-08-11 19:46
audryameliza,BPOM Camille Product 25gr-65gr (baca deskripsi!!),,5,2024-08-11 19:46
nzwblbn,SAY GLOWRY MOISTURIZER by Camille,,5,2024-08-11 19:45
nzwblbn,Little Pop face mist by Camille,,5,2024-08-11 19:45
taurusy06,SUNNY DAY CREAM WITH SUNSCREEN by Camille,,4,2024-08-11 19:45
_anahh20,MOON NIGHT CREAM by Camille,,5,2024-08-11 19:45
_anahh20,SUNNY DAY CREAM WITH SUNSCREEN by Camille,,5,2024-08-11 19:45
sridevi_store,"Bundling Masker 65gr(Str, Cok, Grt) + Fm",,5,2024-08-11 19:44
c*****p,NEW Camille Beauty Lip Tint,Liptint nya keren Parahhhhhhhhhhhhhhh,5,2024-08-11 19:44
c*****p,BPOM Camille Product 25gr-65gr (baca deskripsi!!),,5,2024-08-11 19:44
putriyuliani919,Bundling Skincare Camille Beauty,,5,2024-08-11 19:44
cisyvaldizsha,Little Pop face mist by Camille,,4,2024-08-11 19:44
auliannisakfadilah,BPOM Camille Product 25gr-65gr (baca deskripsi!!),,5,2024-08-11 19:43
amalyaaakd,Little Pop face mist by Camille,,5,2024-08-11 19:43
pujasalwa,BPOM Camille Product 25gr-65gr (baca deskripsi!!),,5,2024-08-11 19:42
aleshakeceh,Little Pop face mist by Camille,,5,2024-08-11 19:42
alhusnabeautycare,Daily Set Bundling Camille,,5,2024-08-11 19:41
viviyuliasari935,BPOM Camille Product 25gr-65gr (baca deskripsi!!),,5,2024-08-11 19:41
viviyuliasari935,Little Pop face mist by Camille,,5,2024-08-11 19:41
incesmia,Bodyscrub Camille 250gr by camille,,5,2024-08-11 19:41
a*****3,Little Pop face mist by Camille,,5,2024-08-11 19:40
auliamaulidas,NEW Camille Beauty Lip Tint,,5,2024-08-11 19:40
a*****3,BPOM Camille Product 25gr-65gr (baca deskripsi!!),,5,2024-08-11 19:40
auliamaulidas,SUNNY DAY CREAM WITH SUNSCREEN by Camille,,5,2024-08-11 19:40
auliamaulidas,BPOM Camille Product 25gr-65gr (baca deskripsi!!),,5,2024-08-11 19:40
rara_suji,Little Pop face mist by Camille,,5,2024-08-11 19:40
cicimulyani993,BEAUTY CHARGE FACIAL CLEANCER,,5,2024-08-11 19:39
cicimulyani993,HAPPY JOY SERUM by Camille,,5,2024-08-11 19:39
cicimulyani993,MOON NIGHT CREAM by Camille,,5,2024-08-11 19:39
cicimulyani993,SUNNY DAY CREAM WITH SUNSCREEN by Camille,,5,2024-08-11 19:39
cicimulyani993,Little Pop face mist by Camille,,5,2024-08-11 19:39
cahyakusumaputri03,Little Pop face mist by Camille,,5,2024-08-11 19:39
lusygultom120,SUNNY DAY CREAM WITH SUNSCREEN by Camille,,5,2024-08-11 19:39
halyzahrw895,MOON NIGHT CREAM by Camille,,5,2024-08-11 19:39
halyzahrw895,SUNNY DAY CREAM WITH SUNSCREEN by Camille,,5,2024-08-11 19:39
lusygultom120,BPOM Camille Product 25gr-65gr (baca deskripsi!!),,5,2024-08-11 19:38
dwisetiawan934,SUNNY DAY CREAM WITH SUNSCREEN by Camille,,5,2024-08-11 19:38
dwisetiawan934,Little Pop face mist by Camille,,4,2024-08-11 19:38
rannygibran,ME WITH YOU ESSENCE TONER by Camille,,5,2024-08-11 19:37
rannygibran,BEAUTY CHARGE FACIAL CLEANCER,,5,2024-08-11 19:37
oqpu3821v_,SUNNY DAY CREAM WITH SUNSCREEN by Camille,,5,2024-08-11 19:37
rannygibran,HAPPY JOY SERUM by Camille,,5,2024-08-11 19:37
fidelaazizah12,NEW Camille Beauty Lip Tint,,5,2024-08-11 19:37
wzx1bzxn90,Bodyscrub Camille 250gr by camille,,5,2024-08-11 19:37
fipahmbul,Little Pop face mist by Camille,,5,2024-08-11 19:37
c2yilx4ex5,Little Pop face mist by Camille,,5,2024-08-11 19:36
variantika,Daily Set Bundling Camille,,5,2024-08-11 19:36
s*****k,Little Pop face mist by Camille,,5,2024-08-11 19:36
safina029putri,Bundling Skincare Camille Beauty,,5,2024-08-11 19:36
tyassyafitri30,BEAUTY CHARGE FACIAL CLEANCER,,5,2024-08-11 19:36
y*****4,HAPPY JOY SERUM by Camille,,5,2024-08-11 19:36
y*****4,SUNNY DAY CREAM WITH SUNSCREEN by Camille,,5,2024-08-11 19:36
deffa2110,SAY GLOWRY MOISTURIZER by Camille,,5,2024-08-11 19:35
deffa2110,HAPPY JOY SERUM by Camille,,5,2024-08-11 19:35
theresiawidyaa,SUNNY DAY CREAM WITH SUNSCREEN by Camille,,5,2024-08-11 19:35
theresiawidyaa,Little Pop face mist by Camille,,5,2024-08-11 19:35
tyassyafitri30,Bundling Package Facemist isi 3,,5,2024-08-11 19:35
8okvu4yyz0,BPOM Camille Product 25gr-65gr (baca deskripsi!!),,5,2024-08-11 19:34
nurmala754,Bundling NEW Camille Beauty Lip Tint,,5,2024-08-11 19:33
salsamaryamah12,NEW Camille Beauty Lip Tint,lucuuuüò≠üòç,5,2024-08-11 19:33
a*****4,BPOM Camille Product 25gr-65gr (baca deskripsi!!),"Kenyamanan:cukup nyaman untuk pengguna sehari hari
Daya Serap:cepat menyerap tanpa meninggalkan residu
Efek:hidrasi yang efektif di kulit

Maskernya datang sangat cepat semoga cocok, masker camille ini memang wow apalagi aku co yang milk wahh bener bener juga kayaa manfaat",5,2024-08-11 19:33
2cibnctunu,BPOM Camille Product 25gr-65gr (baca deskripsi!!),,4,2024-08-11 19:33
2cibnctunu,Little Pop face mist by Camille,,4,2024-08-11 19:33
d*****8,Little Pop face mist by Camille,,5,2024-08-11 19:33
9b645t127f,MOON NIGHT CREAM by Camille,,5,2024-08-11 19:33
oktaferisandika,Little Pop face mist by Camille,"Aroma:lembut
Efek:kulit tanpak cerah
Tekstur:sangat nyamann

Face mist andalan akuuüòç",5,2024-08-11 19:33
rahsuga,NEW Camille Beauty Lip Tint,,5,2024-08-11 19:33
rahsuga,BEAUTY CHARGE FACIAL CLEANCER,,5,2024-08-11 19:33
rahsuga,SUNNY DAY CREAM WITH SUNSCREEN by Camille,,5,2024-08-11 19:33
p*****3,BPOM Camille Product 25gr-65gr (baca deskripsi!!),,5,2024-08-11 19:33
uti_akmaliyah,Bundling Package Facemist isi 3,,5,2024-08-11 19:32
harldiian354,BPOM Camille Product 25gr-65gr (baca deskripsi!!),,4,2024-08-11 19:32
harldiian354,Little Pop face mist by Camille,,4,2024-08-11 19:32
elsahsntl_,MOON NIGHT CREAM by Camille,,5,2024-08-11 19:32
elsahsntl_,SUNNY DAY CREAM WITH SUNSCREEN by Camille,,5,2024-08-11 19:32
s*****6,BPOM Camille Product 25gr-65gr (baca deskripsi!!),"Kenyamanan:ok
Daya Serap:ok
Efek:ok

Baru mau coba produk mami bibuuuu. Semoga cocok yaa. Paket sudah sampai dengan selamat.",5,2024-08-11 19:32
s*****6,Little Pop face mist by Camille,"Aroma:oke
Efek:oke
Tekstur:oke

Baru mau coba produk mami bibuuuu. Semoga cocok yaa. Paket sudah sampai dengan selamat.",5,2024-08-11 19:32
d3difwpj1qt9yx_a3pqw3fk8ceic,Little Pop face mist by Camille,,4,2024-08-11 19:31
dnaalaa,SAY GLOWRY MOISTURIZER by Camille,,5,2024-08-11 19:31
ayusyahputri956,SUNNY DAY CREAM WITH SUNSCREEN by Camille,"Tekstur:lembut
Efek:bikin kulit jadi glowing dan sehat suka bgt sama Camille cocok bgt sama muka akuü•∫",5,2024-08-11 19:30
vitahrahmawati,BPOM Camille Product 25gr-65gr (baca deskripsi!!),,5,2024-08-11 19:30
anatasyaaa18,BPOM Camille Product 25gr-65gr (baca deskripsi!!),BELIII DAH KALO KATA GUA MAH,5,2024-08-11 19:30
anatasyaaa18,Little Pop face mist by Camille,BELII WOI BELII BAGUS BANGETTTT,5,2024-08-11 19:30
fitricahya454,Little Pop face mist by Camille,,4,2024-08-11 19:30
aynara.id,BPOM Camille Product 25gr-65gr (baca deskripsi!!),,5,2024-08-11 19:30
aynara.id,Little Pop face mist by Camille,,5,2024-08-11 19:30
leninurtarwiyahhh,Bundling NEW Camille Beauty Lip Tint,,5,2024-08-11 19:30
oktaferisandika,SAY GLOWRY MOISTURIZER by Camille,"Tekstur:gell
Daya Serap:cepat
Cocok untuk:cocok bgttt

Secinta itu sama camilleü•∞",5,2024-08-11 19:30
leninurtarwiyahhh,NEW Camille Beauty Lip Tint,,5,2024-08-11 19:29
leninurtarwiyahhh,Daily Set Bundling Camille,,5,2024-08-11 19:29
harldiian354,BPOM Camille Product 25gr-65gr (baca deskripsi!!),,4,2024-08-11 19:29
roborovski029,BPOM Camille Product 25gr-65gr (baca deskripsi!!),,5,2024-08-11 19:29
fitrinraisyhh,Little Pop face mist by Camille,,5,2024-08-11 19:29
badriyahpwj,SUNNY DAY CREAM WITH SUNSCREEN by Camille,,5,2024-08-11 19:28
fitraas149,BPOM Camille Product 25gr-65gr (baca deskripsi!!),,5,2024-08-11 19:28
fitraas149,"Bundling Masker 65gr(Str, Cok, Grt) + Fm",,5,2024-08-11 19:28
fauziahmaulina123,BPOM Camille Product 25gr-65gr (baca deskripsi!!),,5,2024-08-11 19:28
damarauliaseptiana,MOON NIGHT CREAM by Camille,,5,2024-08-11 19:28
fiirdafauziah,BPOM Camille Product 25gr-65gr (baca deskripsi!!),,4,2024-08-11 19:27
fiirdafauziah,Little Pop face mist by Camille,,5,2024-08-11 19:27
z*****y,BPOM Camille Product 25gr-65gr (baca deskripsi!!),,5,2024-08-11 19:26
a*****6,BPOM Camille Product 25gr-65gr (baca deskripsi!!),,5,2024-08-11 19:26
mirnawati33266,MOON NIGHT CREAM by Camille,,5,2024-08-11 19:26
mirnawati33266,BPOM Camille Product 25gr-65gr (baca deskripsi!!),,5,2024-08-11 19:26
g*****a,SUNNY DAY CREAM WITH SUNSCREEN by Camille,,5,2024-08-11 19:26
g*****a,Little Pop face mist by Camille,,5,2024-08-11 19:26
rizkharamadhani,SUNNY DAY CREAM WITH SUNSCREEN by Camille,,3,2024-08-11 19:25
dennyansyah,Little Pop face mist by Camille,,5,2024-08-11 19:25
g*****a,ME WITH YOU ESSENCE TONER by Camille,,5,2024-08-11 19:25
g*****a,Little Pop face mist by Camille,,5,2024-08-11 19:25
richiofillia_,ME WITH YOU ESSENCE TONER by Camille,,5,2024-08-11 19:25
richiofillia_,BEAUTY CHARGE FACIAL CLEANCER,,5,2024-08-11 19:25
richiofillia_,MOON NIGHT CREAM by Camille,,5,2024-08-11 19:25
rizky.pra,Daily Set Bundling Camille,,5,2024-08-11 19:25
rizky.pra,Little Pop face mist by Camille,,5,2024-08-11 19:25
mirnawati33266,HAPPY JOY SERUM by Camille,,5,2024-08-11 19:24
mirnawati33266,SUNNY DAY CREAM WITH SUNSCREEN by Camille,,5,2024-08-11 19:24
priatamaaiqball,Bundling NEW Camille Beauty Lip Tint,,4,2024-08-11 19:24
bg2px5qkvt,BPOM Camille Product 25gr-65gr (baca deskripsi!!),,5,2024-08-11 19:23
bg2px5qkvt,Little Pop face mist by Camille,,5,2024-08-11 19:23
dikitiben,BEAUTY CHARGE FACIAL CLEANCER,,5,2024-08-11 19:23
dikitiben,MOON NIGHT CREAM by Camille,,5,2024-08-11 19:23
dikitiben,Little Pop face mist by Camille,,5,2024-08-11 19:23
sitirukoyah18,Little Pop face mist by Camille,,5,2024-08-11 19:23
khopipast,SUNNY DAY CREAM WITH SUNSCREEN by Camille,,5,2024-08-11 19:23
nikerahmawati962,SUNNY DAY CREAM WITH SUNSCREEN by Camille,Cream yang bagus cocok di kulit muka saya... Pesanan untuk ke sekian kali nya trms owner,5,2024-08-11 19:23
risnaa111225,SUNNY DAY CREAM WITH SUNSCREEN by Camille,,5,2024-08-11 19:21
dhiyasindy,Little Pop face mist by Camille,,5,2024-08-11 19:21
nuralifatur16,BPOM Camille Product 25gr-65gr (baca deskripsi!!),,4,2024-08-11 19:21
annisajulianingrum215,BPOM Camille Product 25gr-65gr (baca deskripsi!!),,5,2024-08-11 19:20
karismarisma627,BPOM Camille Product 25gr-65gr (baca deskripsi!!),,5,2024-08-11 19:20
n*****7,BPOM Camille Product 25gr-65gr (baca deskripsi!!),,5,2024-08-11 19:20
miasaska,ME WITH YOU ESSENCE TONER by Camille,,5,2024-08-11 19:19
miasaska,SAY GLOWRY MOISTURIZER by Camille,,5,2024-08-11 19:19
miasaska,MOON NIGHT CREAM by Camille,,5,2024-08-11 19:19
amanda.stevani,HAPPY JOY SERUM by Camille,,5,2024-08-11 19:19
amanda.stevani,Little Pop face mist by Camille,,5,2024-08-11 19:19
adivawahyuazzahra,Little Pop face mist by Camille,,5,2024-08-11 19:19
dindasuciana,Little Pop face mist by Camille,,5,2024-08-11 19:19
juliananursin70,Daily Set Bundling Camille,,5,2024-08-11 19:19
dindasuciana,SUNNY DAY CREAM WITH SUNSCREEN by Camille,,5,2024-08-11 19:19
dindasuciana,BPOM Camille Product 25gr-65gr (baca deskripsi!!),,5,2024-08-11 19:18
zahwafadilah,Bodyscrub Camille 250gr by camille,"Aroma:blm dibuka tp wanginya udh kecium, enakk bggüòô
Tekstur:scrubnya ga kasarrr
Efek:blm cobaa

ü´∂üèªü´∂üèª",5,2024-08-11 19:18
sriie26,Little Pop face mist by Camille,,5,2024-08-11 19:18
v25t_epb1n,BPOM Camille Product 25gr-65gr (baca deskripsi!!),"Kenyamanan:enak dipakai

udah setahun memakai masker ini dan sangat amat cocok diwajah",5,2024-08-11 19:18
nadianurfadilah1310,Little Pop face mist by Camille,,5,2024-08-11 19:18
f*****i,Little Pop face mist by Camille,,5,2024-08-11 19:17
riana_333,BPOM Camille Product 25gr-65gr (baca deskripsi!!),,5,2024-08-11 19:17
dindazainudin,BPOM Camille Product 25gr-65gr (baca deskripsi!!),,5,2024-08-11 19:17
madanialfaizah291,BPOM Camille Product 25gr-65gr (baca deskripsi!!),,5,2024-08-11 19:17
a*****9,Little Pop face mist by Camille,,5,2024-08-11 19:16
devifitriyani04,BPOM Camille Product 25gr-65gr (baca deskripsi!!),,5,2024-08-11 19:16
selvi_ajwah,Little Pop face mist by Camille,,4,2024-08-11 19:16
lindasrirahayu203,Little Pop face mist by Camille,,5,2024-08-11 19:16
widhiyaps,Little Pop face mist by Camille,,5,2024-08-11 19:16
shine_store27,SUNNY DAY CREAM WITH SUNSCREEN by Camille,"Tekstur:ringan & nyaman di apply ke wajah
Efek:cerah
Aroma:wangi

Paketnya udah sampe, aku blm beruntung dapet yg biru biru",5,2024-08-11 19:15
ananurqoyyimah,Little Pop face mist by Camille,,5,2024-08-11 19:15
